id,domain,status,purchase_price,renewal_price,attractiveness,demand,length,registrar,created_at,expires_at,status_verified_at
7b653e66-081b-4494-9e52-efebd5a82dd8,squatting.motorcycles,available,1.8,21.98,medium,low,9,namecheap,,,10/09/2026 17:35
5e26e1ca-7fc1-4314-ba3e-ebd7620a08fb,albers.motorcycles,available,1.99,17.29,high,low,6,namesilo,,,18/09/2026 02:34
f2ef71b8-7316-4a2d-892e-857d96a7c2b9,ancillary.motorcycles,available,1.8,19.98,high,low,9,namecheap,,,
fc0fac27-177c-409c-88e4-7df65da4b2f0,anuria.motorcycles,available,1.8,21.98,medium,low,6,namecheap,,,19/09/2026 15:55
f5ba6228-98ad-47f2-b8cc-68357df390e0,toughie.motorcycles,available,1.8,21.98,high,medium,7,namecheap,,,09/09/2026 06:05
a800dd2e-2225-4a99-aa27-0ec2f879666d,okeh.motorcycles,available,1.8,21.98,high,low,4,namecheap,,,03/09/2026 23:21
a68c0eac-5dad-4f56-8f39-cbd9437b5e42,cat.motorcycles,premium,2070.2,2070.2,high,high,3,spaceship,,,27/09/2026 21:47
8c1f6c5f-e058-4b06-a39e-f0e3f038fc56,magnate.motorcycles,available,1.99,17.29,high,low,7,namesilo,,,23/09/2026 14:16
8ec86c39-db6e-458a-a986-b8f6c9fcba75,fact.motorcycles,available,1.8,21.98,high,low,4,namecheap,,,29/09/2026 18:51
97088bdf-b5fe-4b52-8d99-6d6fae1f4dfc,dearie.motorcycles,available,1.99,20.99,high,low,6,name.com,,,13/08/2026 18:19
ca5feed4-b46a-4a50-b5f9-bdecb0ca9b93,susanna.motorcycles,available,1.99,17.29,high,low,7,namesilo,,,28/09/2026 01:02
adee954f-d658-4116-b750-393053a34817,crushing.motorcycles,available,1.8,19.98,high,low,8,namecheap,,,13/08/2026 09:13
55c6d6f5-5ce1-4f54-abec-087824f71f94,belinda.motorcycles,available,1.99,14.45,medium,low,7,dynadot,,,29/09/2026 09:21
14906aa2-f8ff-4302-970a-17a31d283c85,orville.motorcycles,available,1.99,17.29,high,low,7,namesilo,,,29/09/2026 09:46
51dfd236-90ae-4b8c-9ec6-9e090e7d8ba1,unimodal.motorcycles,available,1.8,21.98,medium,low,8,namecheap,,,12/09/2026 13:07
9f80ea3f-8e7f-4adb-9c16-9fd8fe37c78d,umbrellas.motorcycles,available,1.99,17.29,medium,low,9,namesilo,,,18/09/2026 22:52
63f77ffd-5e70-4d83-ae6b-0d58ac504320,aiken.motorcycles,available,1.8,21.98,high,low,5,namecheap,,,17/09/2026 21:01
3d86c378-03a0-4a41-bb5e-2c440dc78675,monaghan.motorcycles,available,1.24,13.97,medium,low,8,spaceship,,,29/09/2026 17:52
88f9db77-059a-4271-8271-9a66658e4750,operative.motorcycles,available,1.8,21.98,high,low,9,namecheap,,,04/09/2026 16:29
1a84c30c-15bf-4e99-9409-278e5bc82f7a,syndrome.motorcycles,available,1.99,17.29,medium,low,8,namesilo,,,30/09/2026 12:45
3678bfe9-1b37-49cb-bee6-1ef76d141b83,juxtaposed.motorcycles,available,1.8,19.98,high,low,10,namecheap,,,22/08/2026 15:00
5390bf75-d566-47b7-9266-7e02234de1c8,neither.motorcycles,available,1.8,21.98,medium,low,7,namecheap,,,03/09/2026 15:18
e3a78b73-621d-492c-a337-ccd0ce80570f,reuters.motorcycles,premium,2070.2,2070.2,high,high,7,spaceship,,,28/09/2026 12:24
c2e7fea1-3687-4eb2-988c-832b141b3324,cheryl.motorcycles,premium,832,832,medium,low,6,namesilo,,,27/09/2026 07:16
e7c338a6-edaf-40d8-9860-93667bb06501,additionally.motorcycles,available,1.54,14.21,medium,low,12,porkbun,,,30/09/2026 14:34
7ea431e1-c979-458b-bba5-3d4e13cd884e,redoubled.motorcycles,available,1.8,21.98,high,medium,9,namecheap,,,09/09/2026 12:22
e94cf022-618f-486f-8152-31e3e733f947,opportune.motorcycles,available,1.8,21.98,medium,low,9,namecheap,,,04/09/2026 16:43
079c8aae-3084-4d68-af94-29bf8cf75fec,pinwheel.motorcycles,available,1.99,17.29,high,low,8,namesilo,,,17/09/2026 12:41
a9e59ee6-d198-4f0f-9882-0118462942b4,barbarians.motorcycles,available,1.99,17.29,medium,low,10,namesilo,,,01/10/2026 00:21
19e07161-ce84-4447-8d7d-a8d57f03eb39,bat.motorcycles,premium,2600,2600,high,low,3,namecheap,,,20/09/2026 18:59
abe10e99-88f5-4ef0-92b0-89fc54b2bb89,emergency.motorcycles,available,1.99,14.45,high,low,9,dynadot,,,29/09/2026 18:03
62675c67-3d03-4dfc-8e4e-5297d192bc77,gammy.motorcycles,available,1.8,19.98,medium,low,5,namecheap,,,18/08/2026 20:04
0147cc73-98f4-4e22-b27d-5cd32329a198,dominate.motorcycles,available,1.8,21.98,high,low,8,namecheap,,,16/09/2026 01:33
6371ffce-3851-4ec1-8553-0024797d4d25,ejection.motorcycles,available,1.24,13.97,medium,low,8,spaceship,,,01/10/2026 01:50
27be3e3c-4caa-4b7a-baca-a017e973bc1a,recorded.motorcycles,available,1.99,17.29,high,low,8,namesilo,,,27/09/2026 10:58
945d9cf3-b17f-41cd-a082-810a2674b3a4,ottoman.motorcycles,available,1.8,21.98,high,low,7,namecheap,,,04/09/2026 18:38
54eaef09-39dd-4e25-bb0a-7d42d339eaf9,flak.motorcycles,available,1.8,19.98,medium,low,4,namecheap,,,
79ec8c4a-1f4c-4a7f-a891-568bfc137b0f,rob.motorcycles,available,1.99,17.29,high,low,3,namesilo,,,25/09/2026 22:49
0064614b-640a-4dff-97fc-3c81c2d845a8,shoot.motorcycles,available,1.99,17.29,high,low,5,namesilo,,,28/09/2026 12:19
471ed890-e159-43ae-ac36-8431ddecb944,democratic.motorcycles,available,1.99,17.29,high,low,10,namesilo,,,24/09/2026 05:46
78fd9c40-f236-4fe2-8a10-e03671abf86f,myer.motorcycles,available,1.24,13.97,medium,low,4,spaceship,,,29/09/2026 22:41
fe485fc3-dd20-4331-a9f9-a4f2c7593168,invent.motorcycles,available,1.99,17.29,high,low,6,namesilo,,,29/09/2026 14:43
44d8f244-6220-41b5-ba68-107303f4215c,prediction.motorcycles,available,1.24,13.97,high,low,10,spaceship,,,29/09/2026 00:58
b6b88ad5-f8a8-41ee-90cf-e3805404a98b,browne.motorcycles,available,1.99,17.29,high,low,6,namesilo,,,20/09/2026 10:27
16ebaedf-5a18-4c39-8892-700a11ab1822,matey.motorcycles,available,1.8,19.98,medium,low,5,namecheap,,,12/08/2026 07:40
af2b50f7-7ba8-4181-9e3a-31b0482006dd,cousins.motorcycles,available,1.8,21.98,high,low,7,namecheap,,,19/09/2026 21:00
e8afd2a5-6b85-4356-8f1c-7ae13c87df3d,undesired.motorcycles,available,1.8,21.98,medium,low,9,namecheap,,,12/09/2026 07:49
d1095010-d721-45b5-a679-1fc30e98ca8a,trousers.motorcycles,available,1.99,,high,low,8,name.com,,,
cb8c182d-50f4-4eda-9769-eda00ccee7e2,kettering.motorcycles,available,1.24,13.97,medium,low,9,spaceship,,,29/09/2026 06:20
c82661e8-9074-4c39-bfb2-be5ef7dc5c57,reporters.motorcycles,available,1.99,17.29,medium,low,9,namesilo,,,28/09/2026 00:38
b00d4352-2797-4798-9a55-e63cc6a002b0,tattle.motorcycles,available,1.99,17.29,medium,low,6,namesilo,,,23/09/2026 23:36
26254151-45d5-46e5-b283-9a05fe8cfce0,envious.motorcycles,available,1.99,17.29,medium,low,7,namesilo,,,24/09/2026 01:02
5f8dbaf9-16a2-4338-b15b-f18b07c67e6a,goony.motorcycles,available,1.8,21.98,medium,low,5,namecheap,,,23/09/2026 23:48
a3929871-3d09-4982-b16b-13189541470c,research.motorcycles,available,1.8,21.98,high,medium,8,namecheap,,,30/09/2026 01:27
3d76788f-fd2c-4b98-8a4a-6c301b5b5f89,hangs.motorcycles,available,1.54,14.21,low,low,5,porkbun,,,28/09/2026 08:56
b20bece7-fcd9-4fb5-a8fd-e0cfab50c4e7,bhaga.motorcycles,available,1.99,17.29,medium,low,5,namesilo,,,23/09/2026 12:29
2abe2283-66ab-42d2-b0b8-64bf8cd6b36b,germicide.motorcycles,available,1.8,19.98,medium,low,9,namecheap,,,
1183b53a-fc35-43c4-acd1-23487c6a0fc5,acarine.motorcycles,available,1.8,21.98,medium,low,7,namecheap,,,16/09/2026 21:33
077d8b69-c091-4032-ac56-ade166d21aeb,excluded.motorcycles,available,1.24,13.97,low,low,8,spaceship,,,30/09/2026 06:16
c459afcc-773d-49a0-aa4d-ff35e0137136,ricketts.motorcycles,available,1.99,17.29,medium,low,8,namesilo,,,30/09/2026 05:23
912e2ae2-6bd2-4a9c-a9a4-2ad2bca5c781,cases.motorcycles,available,1.99,17.29,medium,low,5,namesilo,,,17/09/2026 16:31
e4385a42-12c8-4e31-9d73-f324ae476bd0,anarchy.motorcycles,available,1.99,17.29,high,low,7,namesilo,,,19/09/2026 02:28
f627fa0a-8a11-49d3-8418-cd8686585d2f,madrona.motorcycles,available,1.8,21.98,medium,low,7,namecheap,,,20/09/2026 01:01
e7e1b589-01ca-4033-b1a0-0dd37998d585,anemometer.motorcycles,available,1.99,17.29,medium,low,10,namesilo,,,19/09/2026 05:15
465d7840-4620-4360-a066-9f4558a7d895,occult.motorcycles,available,1.8,21.98,high,low,6,namecheap,,,03/09/2026 12:26
cba807c0-4fd9-4fbf-9bc8-5735f78394b3,taradiddle.motorcycles,available,1.99,17.29,medium,low,10,namesilo,,,21/09/2026 23:52
41f3a37f-aeff-4a61-87ca-033d495b7a76,slide.motorcycles,available,1.99,17.29,high,low,5,namesilo,,,30/09/2026 02:07
0656ea5e-4721-4b8b-bc4e-f6ee8e89d70d,era.motorcycles,available,1.8,21.98,high,medium,3,namecheap,,,29/09/2026 17:28
0a021a27-9b74-4731-a643-da08e209f1b5,betelgeuse.motorcycles,available,1.8,21.98,medium,low,10,namecheap,,,18/09/2026 13:39
7194254f-9242-4664-ad6a-271e50570ea6,wilberforce.motorcycles,available,1.24,13.97,medium,low,11,spaceship,,,30/09/2026 05:04
ac51f798-6d43-40b3-9c9c-1ab7543866b5,informal.motorcycles,available,1.99,17.29,high,low,8,namesilo,,,25/09/2026 09:31
f355e291-a571-4634-9043-fb58bee4dd47,spitting.motorcycles,available,1.24,13.97,medium,low,8,spaceship,,,29/09/2026 08:06
cf09d19e-ad2a-4aa2-bd8b-f877b819b3bd,arapahoe.motorcycles,available,1.99,20.99,medium,low,8,name.com,,,20/09/2026 00:11
408ec01a-81b1-4844-b5f9-4a5d5606f57a,roadless.motorcycles,available,1.8,21.98,medium,low,8,namecheap,,,08/09/2026 10:27
7461cd12-4585-4176-a7cf-32e6ffb4e9a1,hartley.motorcycles,available,1.99,17.29,high,low,7,namesilo,,,25/09/2026 04:45
225c490b-2f77-4a4c-b908-4795dbec6f0d,bile.motorcycles,available,1.8,21.98,medium,low,4,namecheap,,,23/09/2026 15:41
a1c4b9bc-016a-4b4a-ae35-6b681357e9d1,klaus.motorcycles,available,1.8,21.98,medium,low,5,namecheap,,,27/09/2026 01:38
3ab695a4-50b0-407e-8ffc-8188de9851e7,xiii.motorcycles,available,1.99,17.29,high,low,4,namesilo,,,21/09/2026 11:34
d6bc5976-07e2-475c-9439-f2f3eb4383f0,much.motorcycles,available,1.99,17.29,high,low,4,namesilo,,,25/09/2026 22:03
86159a37-d5ac-43de-a0e3-9d10daea26f1,yamani.motorcycles,available,1.8,21.98,medium,low,6,namecheap,,,17/09/2026 20:29
c28ae800-ee2d-41df-b012-7d1262959ced,recurring.motorcycles,available,1.8,21.98,high,low,9,namecheap,,,09/09/2026 11:58
a564c170-7392-46b4-8f71-1808f7aa8039,oldham.motorcycles,available,1.24,13.97,high,low,6,spaceship,,,28/09/2026 05:16
1a16dbf5-3710-44ed-b27a-16fceae4890f,neighbors.motorcycles,available,1.8,21.98,high,low,9,namecheap,,,18/09/2026 09:55
a653b42b-7559-43d6-af0d-8d633d05abc1,finite.motorcycles,available,1.8,19.98,high,low,6,namecheap,,,18/08/2026 05:02
852d0377-9eb9-426c-a132-d8831213dbd9,flexing.motorcycles,available,1.99,,high,low,7,name.com,,,
3945b194-3b75-4b0f-bdf1-f441299bbf56,athelstan.motorcycles,available,1.8,21.98,medium,low,9,namecheap,,,20/09/2026 20:33
ffa3a120-61a3-4923-ae64-779a302bf8b6,angler.motorcycles,available,1.8,21.98,high,low,6,namecheap,,,18/09/2026 11:39
e7f6f22b-a7e2-4d37-a41c-9dd163b8018f,delighted.motorcycles,available,1.8,19.98,high,low,9,namecheap,,,09/08/2026 10:01
05cd0670-89a1-4ecb-93d7-6376a7f30c52,inert.motorcycles,available,1.8,19.98,high,low,5,namecheap,,,22/08/2026 03:57
43dbd303-727f-4ff1-a388-4cea1c69621e,choirs.motorcycles,available,1.99,17.29,medium,low,6,namesilo,,,17/09/2026 06:51
882de9ae-5785-47a9-b82b-388e0c97c54d,transparent.motorcycles,available,1.99,17.29,high,low,11,namesilo,,,30/09/2026 23:31
035a7497-b19d-4ada-8eac-88597dd45b96,turgid.motorcycles,available,1.8,19.98,medium,low,6,namecheap,,,10/08/2026 18:07
014c140b-ad64-4cc3-b416-c99546b15b42,ordain.motorcycles,available,1.8,19.98,high,low,6,namecheap,,,12/08/2026 22:27
1634e63a-bc74-4665-8460-89e1ab5583d3,because.motorcycles,available,1.99,14.45,high,low,7,dynadot,,,30/09/2026 21:38
64f8713d-470f-416d-9124-7b653b9e0eef,incursive.motorcycles,available,1.8,19.98,medium,low,9,namecheap,,,22/08/2026 02:09
f1812b78-8800-4f1c-bf41-d259fa3aedb6,unobserved.motorcycles,available,1.8,21.98,medium,low,10,namecheap,,,12/09/2026 16:04
93373c77-5551-483c-88b1-556cd29021ac,raiseable.motorcycles,available,1.8,21.98,high,medium,9,namecheap,,,09/09/2026 09:52
3d9f3f08-c8c1-45b2-ad62-f2c63335a1c9,azo.motorcycles,available,1.8,19.98,high,low,3,namecheap,,,08/08/2026 02:17
81e864cd-2f98-4e96-947d-b830e4949d6b,lineage.motorcycles,available,1.8,21.98,high,low,7,namecheap,,,08/09/2026 13:04
56ea8e42-330c-466d-9420-c24af41e1a85,thundering.motorcycles,available,1.8,21.98,high,low,10,namecheap,,,11/09/2026 15:14
47696bf9-c531-468f-93b7-c7eaf1a90bd6,aqueduct.motorcycles,available,1.8,21.98,high,low,8,namecheap,,,19/09/2026 23:10
0dd74783-d6e1-467a-991b-ab67117b3e76,towards.motorcycles,available,1.99,,high,low,7,name.com,,,
3d8cf0e4-0242-45f2-9c36-25cd65f6c4be,invariable.motorcycles,available,1.8,19.98,high,low,10,namecheap,,,12/08/2026 22:58
e0cd6a3f-0f9e-48b8-b417-e120272a1f01,cedric.motorcycles,available,1.99,17.29,medium,low,6,namesilo,,,29/09/2026 11:42
4cc5748d-1267-4214-9a31-0dafa494fd98,letting.motorcycles,available,1.8,21.98,high,low,7,namecheap,,,09/09/2026 14:21
0845a6e4-2d8e-4089-876e-515edf59415f,waltz.motorcycles,available,1.24,13.97,high,low,5,spaceship,,,28/09/2026 15:32
c82ae38e-c71d-4e92-9f48-13f79baa48a4,annie.motorcycles,available,1.8,21.98,medium,low,5,namecheap,,,25/09/2026 18:17
3502f82a-8375-40e1-b340-fdd1597a41a2,stumbled.motorcycles,available,1.24,13.97,low,low,8,spaceship,,,29/09/2026 16:59
3e22d385-0207-4a6c-9f9b-beb1f59eb1aa,herewith.motorcycles,available,1.8,21.98,medium,low,8,namecheap,,,15/09/2026 00:27
7535dac0-f2ae-4e00-9b3f-14193cf5685c,issuer.motorcycles,available,1.99,14.45,high,low,6,dynadot,,,30/09/2026 10:16
4b5eca36-cbed-4bbf-bcdc-c677203a6ef3,kar.motorcycles,available,1.99,14.45,high,low,3,dynadot,,,30/09/2026 03:53
17e90c08-deff-485e-955b-f57802a370bf,zoftig.motorcycles,available,1.8,21.98,medium,low,6,namecheap,,,13/09/2026 14:58
1957d452-8774-47bd-b9c5-843e866da5c0,pathological.motorcycles,available,1.54,14.21,medium,low,12,porkbun,,,29/09/2026 21:08
a4b08fbd-ae8e-4963-951e-f2c7a6277bc7,bras.motorcycles,available,1.99,17.29,high,low,4,namesilo,,,17/09/2026 13:20
342d25dc-3305-42da-9c51-8ba654ebbb3e,professionals.motorcycles,available,1.24,13.97,high,low,13,spaceship,,,28/09/2026 12:40
90f5feca-ce5c-4372-a59c-4bf3ffcbfbdc,wanderer.motorcycles,available,1.8,21.98,high,low,8,namecheap,,,23/09/2026 20:11
bb0f2005-441c-4212-8d8f-2d9db12703a1,liveliness.motorcycles,available,1.99,17.29,high,low,10,namesilo,,,30/09/2026 02:30
56fc8d3a-8c1c-4901-bec8-0ee62c4fe154,closets.motorcycles,available,1.8,21.98,medium,low,7,namecheap,,,20/09/2026 19:05
e7d51b33-ecad-4f55-beb5-9d951b61e9d5,activation.motorcycles,available,1.8,19.98,high,low,10,namecheap,,,
bbff786b-57cf-4d02-a479-889242663d4b,kinky.motorcycles,available,1.8,19.98,high,low,5,namecheap,,,17/08/2026 22:20
71f128d5-dcd5-4aa5-ba2c-17a3edcb8ee4,churchman.motorcycles,available,1.8,19.98,high,low,9,namecheap,,,14/08/2026 23:29
0b3b2de9-c1ed-410b-93ac-45b64e8321fa,lxxv.motorcycles,available,1.8,19.98,medium,low,4,namecheap,,,
e6c0c808-bb76-4778-b32a-7154bf7d470e,derive.motorcycles,available,1.24,13.97,high,low,6,spaceship,,,29/09/2026 20:28
bbd30a11-1e6e-4bf1-85e5-f5598fb8a9a1,gabrielle.motorcycles,available,1.24,13.97,medium,low,9,spaceship,,,28/09/2026 21:50
826aef5e-8554-4cf4-90fe-3a344b0464a9,bronx.motorcycles,available,1.99,17.29,high,low,5,namesilo,,,24/09/2026 10:43
d80ec6d5-045f-47f1-a43b-1172a261aee6,trainee.motorcycles,available,1.54,14.21,high,low,7,porkbun,,,29/09/2026 20:32
7324bdd4-98f8-47c0-9539-37ea2225a624,bratislava.motorcycles,available,1.99,17.29,medium,low,10,namesilo,,,28/09/2026 13:35
f153104a-e436-4b60-853a-1b2606d30e7e,nickelodeon.motorcycles,available,1.99,,high,low,11,name.com,,,
c9d4ea41-9bd7-4937-ad26-19671eddafc8,rebellious.motorcycles,available,1.8,19.98,medium,low,10,namecheap,,,14/08/2026 09:25
577ae9e5-e38d-4523-8da8-f93cd3c7013f,vows.motorcycles,available,1.24,13.97,medium,low,4,spaceship,,,28/09/2026 04:45
b2c9cb2c-8c21-4b2c-a874-f1118ba13e32,positive.motorcycles,available,1.8,21.98,high,low,8,namecheap,,,23/09/2026 14:53
a84bdb53-748f-4b8e-b62f-4aeb24bd39d3,monarchy.motorcycles,available,1.24,13.97,high,low,8,spaceship,,,29/09/2026 13:28
c71867d2-13a0-40f4-a95c-0274afe2220f,pubic.motorcycles,available,1.8,21.98,medium,low,5,namecheap,,,09/09/2026 05:20
b47ea246-d6ce-411e-b754-2bd92eca36f8,additional.motorcycles,available,1.99,17.29,high,low,10,namesilo,,,21/09/2026 17:14
fdaf53b6-1737-414a-b108-2b087cb13b31,literally.motorcycles,available,1.99,17.29,medium,low,9,namesilo,,,28/09/2026 16:10
77c293e1-ba01-44f4-a109-7fecd12e2920,avignon.motorcycles,available,1.8,21.98,medium,low,7,namecheap,,,21/09/2026 09:35
ac5b8792-54fc-418e-a8bd-a703ddca13b6,literary.motorcycles,available,1.99,14.45,high,low,8,dynadot,,,28/09/2026 07:59
31164cef-215a-427a-87a5-951e341a61de,hume.motorcycles,available,1.8,21.98,high,low,4,namecheap,,,25/09/2026 04:46
8193d16d-74e4-4b7b-9482-ab3d0de39d85,blazers.motorcycles,available,1.8,21.98,medium,low,7,namecheap,,,20/09/2026 11:38
0ae8c2d6-e235-4292-9c2b-b920fd9db579,duckbill.motorcycles,available,1.8,19.98,medium,low,8,namecheap,,,14/08/2026 20:46
bb5add01-94a1-4c0b-9269-a8c30893a91d,becloud.motorcycles,available,1.8,21.98,medium,low,7,namecheap,,,03/09/2026 23:53
ca965652-0536-4fec-8fab-3749c45c1ad0,eliot.motorcycles,available,1.99,17.29,high,low,5,namesilo,,,25/09/2026 05:27
b8bb1a62-22cc-468e-9ee8-4a577439c94a,decease.motorcycles,available,1.8,21.98,medium,low,7,namecheap,,,24/09/2026 19:36
15968c26-15e9-4b0e-b07e-5ff5a9356166,liking.motorcycles,available,1.54,14.21,high,low,6,porkbun,,,28/09/2026 06:09
16f9bcd4-5a15-49d9-9c5a-d68d131912fc,honours.motorcycles,available,1.24,13.97,high,low,7,spaceship,,,30/09/2026 01:53
d33044b3-d197-4eeb-8dcb-49e39caaecd4,accolade.motorcycles,available,1.99,17.29,high,low,8,namesilo,,,16/09/2026 22:45
dc593f97-be9f-4a60-96e9-82d3dfe8d541,inventive.motorcycles,available,1.8,21.98,high,low,9,namecheap,,,28/09/2026 05:59
74da2f9b-8c54-4f40-8400-6b49d986d57b,weighted.motorcycles,available,1.8,21.98,high,low,8,namecheap,,,13/09/2026 10:08
bbd6de87-34d0-483f-ab4d-8c54f7c56a12,anson.motorcycles,available,1.54,14.21,medium,low,5,porkbun,,,28/09/2026 07:57
d1d13cb9-7cca-4465-bb73-e0209298f054,iec.motorcycles,available,1.54,14.21,medium,low,3,porkbun,,,28/09/2026 16:35
f515d2db-bbef-47a3-91a3-e512386cb5cc,lidless.motorcycles,available,1.8,19.98,medium,low,7,namecheap,,,23/08/2026 01:17
9c160bd8-40de-4d61-95c6-a763c6b2465a,choreographer.motorcycles,available,1.24,13.97,medium,low,13,spaceship,,,30/09/2026 20:06
36e65cb4-fd10-4642-b5e6-e5ae249a6b03,cherimoya.motorcycles,available,1.99,17.29,medium,low,9,namesilo,,,19/09/2026 10:32
199e26fc-cfb1-41b4-8cd4-3690b5552e2e,atrip.motorcycles,available,1.8,19.98,low,low,5,namecheap,,,07/08/2026 14:33
8c6ca444-20d4-4c9a-abd0-50aa9c789b47,unsugared.motorcycles,available,1.8,21.98,low,low,9,namecheap,,,12/09/2026 20:48
3657f9a0-c314-4ab7-a1e6-57149feb25bc,belch.motorcycles,available,1.8,21.98,medium,low,5,namecheap,,,23/09/2026 04:34
a4302aca-7fa4-46eb-b697-287e08a027bb,recall.motorcycles,available,1.99,17.29,high,low,6,namesilo,,,24/09/2026 11:46
7415a779-ee33-49d1-aab0-e31fc7f4c19e,entrant.motorcycles,available,1.8,19.98,high,low,7,namecheap,,,18/08/2026 07:36
d8ff73c7-089a-43d0-93c8-2d1b07e97a24,ofc.motorcycles,available,1.99,17.29,medium,low,3,namesilo,,,29/09/2026 03:35
8eeac1a2-9b81-4179-bc76-122634b0d62e,palpably.motorcycles,available,1.8,21.98,medium,low,8,namecheap,,,15/09/2026 18:55
065257e2-b152-4583-a095-c71b88f012f5,ducky.motorcycles,available,1.99,20.99,high,low,5,name.com,,,13/08/2026 18:23
118f4dc3-27c4-43ba-aa3e-dfedf9224386,foetid.motorcycles,available,1.8,19.98,medium,low,6,namecheap,,,18/08/2026 02:26
5f5ba61a-9982-477d-933a-831e28392a42,jalisco.motorcycles,available,1.99,17.29,high,low,7,namesilo,,,29/09/2026 15:31
479a6cd4-9927-4fe0-86e7-e64502c442ec,modifiable.motorcycles,available,1.8,19.98,medium,low,10,namecheap,,,25/08/2026 03:12
139910d0-eacd-4536-9c3c-4010d2b351b9,mundane.motorcycles,available,1.8,19.98,high,low,7,namecheap,,,17/08/2026 14:55
3c65cc68-54c6-4d84-8792-4b82df71e7aa,electric.motorcycles,premium,10000,10000,high,low,8,name.com,,,24/09/2026 13:44
d56f96a9-8891-4373-b49d-cd1b1c1d5953,sandwich.motorcycles,available,1.99,17.29,high,low,8,namesilo,,,30/09/2026 10:33
ff15de92-e646-4c64-8a26-8c6f9806ff5c,eyetooth.motorcycles,available,1.8,19.98,medium,low,8,namecheap,,,11/08/2026 16:59
9e75cafc-7307-47cc-a5b7-18351214ab0f,dumping.motorcycles,available,1.99,17.29,medium,low,7,namesilo,,,28/09/2026 13:56
8232dd4b-e186-48e2-83e7-16eef6a76503,glide.motorcycles,available,1.99,17.29,high,medium,5,namesilo,,,19/09/2026 16:45
0e032f17-956c-4ef3-bdb6-adfbb82af4aa,alosa.motorcycles,available,1.99,17.29,medium,low,5,namesilo,,,18/09/2026 13:26
aad925df-8d64-46b9-af3e-73896956feec,practise.motorcycles,available,1.99,17.29,high,low,8,namesilo,,,29/09/2026 01:53
b955db25-de7e-4a01-a0b5-9e4a2fc2e73f,bok.motorcycles,available,1.8,21.98,high,low,3,namecheap,,,30/09/2026 19:18
73518bff-01ab-4455-886e-e2b8dd414909,spaulding.motorcycles,available,1.24,13.97,high,low,9,spaceship,,,29/09/2026 11:11
d1710fb5-cef4-4903-9c4a-21329db13f17,algerian.motorcycles,available,1.8,19.98,high,low,8,namecheap,,,
690ae2b9-f345-4130-92a0-61169d719a34,agitprop.motorcycles,available,1.8,21.98,medium,low,8,namecheap,,,17/09/2026 18:14
7654279c-71e3-437c-8fe5-d8b0bb78fd27,dagger.motorcycles,available,1.8,21.98,high,low,6,namecheap,,,24/09/2026 20:52
7d1ed1cd-ccbe-425f-bff9-2560c45d72a9,publishers.motorcycles,available,1.99,17.29,medium,low,10,namesilo,,,20/09/2026 01:32
f89ac535-c9ee-4d38-b518-1039de197423,querier.motorcycles,available,1.99,17.29,medium,low,7,namesilo,,,20/09/2026 14:26
0165a280-b25c-4e6d-9f09-8e2630911f81,guitar.motorcycles,available,1.54,14.21,high,low,6,porkbun,,,29/09/2026 21:44
b44b26b2-8f5e-4218-82a9-dd914b278122,alp.motorcycles,available,1.99,17.29,high,low,3,namesilo,,,18/09/2026 13:29
c7c7c6f3-8e0f-4821-8f9e-0dc03bfa5711,aphasia.motorcycles,available,1.99,17.29,medium,low,7,namesilo,,,19/09/2026 16:53
beca3d7c-9261-4765-972e-862efef0c639,mistrust.motorcycles,available,1.99,17.29,high,low,8,namesilo,,,24/09/2026 23:12
2c067e4a-f6d6-466d-9831-e9db7d898760,london.motorcycles,premium,2183.84,2183.84,high,medium,6,porkbun,,,29/09/2026 04:25
849ad0e6-cb91-482d-a848-9b093677b3d9,abstractor.motorcycles,available,1.8,21.98,medium,low,10,namecheap,,,16/09/2026 18:29
a197833d-c5ef-4afc-8714-49153fa606f5,sixer.motorcycles,available,1.8,19.98,medium,low,5,namecheap,,,
018d0258-181f-47fc-b863-25caa187a78f,hymns.motorcycles,available,1.99,17.29,high,low,5,namesilo,,,30/09/2026 15:32
26d62c1a-85eb-4afb-8d5f-2987bf9c6db4,respiratory.motorcycles,available,1.99,,high,low,11,name.com,,,
6149e76c-570d-4b6a-81f5-db267e555058,adorably.motorcycles,available,1.8,21.98,medium,low,8,namecheap,,,13/09/2026 17:21
7b38fbbb-cc43-4268-a980-fe6949316017,echo.motorcycles,premium,2070.2,2070.2,high,medium,4,spaceship,,,29/09/2026 17:37
b2151d6d-bf76-4d09-b4fa-655a8bf54e54,fellowing.motorcycles,available,1.8,21.98,low,low,9,namecheap,,,20/09/2026 20:26
9687f9de-736f-497c-8125-670aa52d0f10,praise.motorcycles,premium,2070.2,2070.2,high,low,6,spaceship,,,29/09/2026 10:58
262525ee-d364-4ebd-a9c4-3e54719e3eaf,wanness.motorcycles,available,1.8,21.98,medium,low,7,namecheap,,,17/09/2026 01:08
4051cb74-099b-4fc0-bebc-7a514dadd395,commuter.motorcycles,available,1.99,17.29,high,low,8,namesilo,,,24/09/2026 16:39
c721f01e-1d01-4365-bf74-b7bbe5b30c01,souls.motorcycles,available,1.99,,high,low,5,name.com,,,
50ed56f5-f225-430d-a5ad-2dd1dd599d15,adjust.motorcycles,available,1.24,13.97,high,low,6,spaceship,,,28/09/2026 11:09
055056d9-e6c1-4a66-b884-3ec32fe41fa3,fearlessly.motorcycles,available,1.8,21.98,medium,low,10,namecheap,,,14/09/2026 10:44
b6f8c743-b0a2-4ec7-bbf7-56557572d02f,gossamer.motorcycles,available,1.8,19.98,medium,low,8,namecheap,,,12/08/2026 14:32
b44c4cd2-3314-463c-807e-54be62fbdf8a,adopt.motorcycles,available,1.99,17.29,high,low,5,namesilo,,,28/09/2026 03:18
d626f81b-5e9b-47b7-a443-694fff35baca,applewood.motorcycles,available,1.99,17.29,medium,low,9,namesilo,,,19/09/2026 21:44
61996a95-921a-47dd-86f2-816da38ac541,anglosaxon.motorcycles,available,1.24,13.97,medium,low,11,spaceship,,,29/09/2026 02:54
00e16f40-3a10-4f79-9c2b-8f7765d411b7,jaw.motorcycles,available,1.99,17.29,high,low,3,namesilo,,,27/09/2026 03:31
1b35270f-81e7-4df1-b96c-4c2e59d00c31,colly.motorcycles,available,1.8,19.98,medium,low,5,namecheap,,,14/08/2026 09:17
db493d00-4aed-4d39-a344-5c8416a4a5fe,acceptable.motorcycles,available,1.99,17.29,high,low,10,namesilo,,,21/09/2026 15:23
a2b43e31-a4d6-4eb0-bc24-bf3bcb47fa73,michele.motorcycles,premium,2660,2660,high,medium,7,namesilo,,,27/09/2026 07:33
26fb46c3-a031-4b1d-8d69-e37ca8c478da,tempt.motorcycles,available,1.8,21.98,high,low,5,namecheap,,,18/09/2026 12:14
2689ac2b-69d6-4493-9a83-8d95b13aa9ef,application.motorcycles,available,1.99,17.29,high,low,11,namesilo,,,27/09/2026 02:05
9cb4e937-ec35-455f-8a1a-4ddbd289d764,off.motorcycles,available,1.99,17.29,high,low,3,namesilo,,,22/09/2026 14:54
6c523991-c71a-432b-8e37-cb172321d565,antipodes.motorcycles,available,1.8,21.98,medium,low,9,namecheap,,,19/09/2026 14:59
b97da4c3-1133-4a99-962b-8609f0e0100d,accra.motorcycles,available,1.8,21.98,high,low,5,namecheap,,,16/09/2026 23:13
30cb0356-154c-4697-8a2d-e8c4cbc606c5,circled.motorcycles,available,1.24,13.97,high,low,7,spaceship,,,30/09/2026 16:02
a3dfbcb7-2f72-478c-90f2-e1a6041708a4,brandeis.motorcycles,available,1.24,13.97,medium,low,8,spaceship,,,28/09/2026 08:12
8a0a83a2-fbc1-4b6f-aef9-4f5aa46c45eb,ice.motorcycles,resell,1.99,,high,medium,3,"Spaceship, Inc.",16/08/2026 02:40,16/08/2027 23:59,26/09/2026 06:47
c59fe85d-2332-4e10-97a0-f671e8e87fdd,blended.motorcycles,available,1.8,19.98,high,low,7,namecheap,,,10/08/2026 14:14
a05640fc-90d7-4505-a130-f326148f3e73,auden.motorcycles,premium,2600,2600,medium,low,5,namecheap,,,21/09/2026 02:48
9b076128-fe31-4529-8ce5-68b32df7b623,bolshie.motorcycles,available,1.8,19.98,medium,low,7,namecheap,,,10/08/2026 17:55
b8425ce7-adc8-4534-860c-31527fbe3283,stubborn.motorcycles,available,1.99,17.29,high,low,8,namesilo,,,25/09/2026 23:51
798ec745-eec4-43ca-9187-757da3d596c9,connectivity.motorcycles,available,1.24,13.97,high,low,12,spaceship,,,28/09/2026 07:10
54d8ddf7-0d12-453d-8433-f931515de48b,angled.motorcycles,available,1.8,19.98,medium,low,6,namecheap,,,
d695b906-0ab4-4d75-b960-548dcef3d993,nagano.motorcycles,available,1.8,21.98,medium,low,6,namecheap,,,30/09/2026 18:06
c1d49628-c324-4868-b95a-34539441e598,uma.motorcycles,available,1.99,14.45,high,low,3,dynadot,,,29/09/2026 12:33
86d020fc-ded6-4c81-9bc5-b1cc3893e536,fusion.motorcycles,available,1.24,13.97,high,medium,6,spaceship,,,29/09/2026 01:03
d15742ae-2dbd-4503-85df-00b2842df659,firmament.motorcycles,available,1.8,19.98,high,low,9,namecheap,,,16/08/2026 20:58
67eb4ad4-05fb-4c33-bc4a-6fdf7ab8964e,abundance.motorcycles,available,1.8,21.98,high,low,9,namecheap,,,16/09/2026 19:01
387b9618-0d3c-483d-b738-7b81c04276ce,nontaxable.motorcycles,available,1.8,21.98,medium,low,10,namecheap,,,03/09/2026 20:54
4aa14631-6025-4d7c-9ead-cd845f0e6895,incubator.motorcycles,available,1.99,14.45,high,low,9,dynadot,,,30/09/2026 08:50
738f79fa-6d8f-4170-86db-a59bb723eb8a,apophasis.motorcycles,available,1.8,21.98,medium,low,9,namecheap,,,19/09/2026 19:01
db442201-280b-47d8-802f-5552e3eb71bf,hamish.motorcycles,available,1.24,13.97,medium,low,6,spaceship,,,30/09/2026 21:04
363cf18d-560b-4d59-8948-a43f63c45cf2,potbelly.motorcycles,available,1.99,17.29,medium,low,8,namesilo,,,22/09/2026 17:43
e341f1d5-14a4-46a9-8ab0-dad2ea167a42,kidneys.motorcycles,available,1.24,13.97,low,low,7,spaceship,,,29/09/2026 05:38
d292a085-971c-4af7-9e6b-aee815a7093a,jolted.motorcycles,available,1.8,19.98,medium,low,6,namecheap,,,22/08/2026 13:55
a0ee1981-8e5d-4298-8229-d7f3d26a4ecb,superfund.motorcycles,available,1.24,13.97,high,low,9,spaceship,,,29/09/2026 08:11
3cce4ccf-402b-46fa-812b-8ae8cb8c2e6a,los.motorcycles,available,1.99,25.99,high,low,3,godaddy,,,01/10/2026 00:09
9e16e56a-1982-44cb-b456-9e602374e765,compositae.motorcycles,available,1.99,17.29,medium,low,10,namesilo,,,20/09/2026 17:02
2f598731-1efd-4da0-9f73-0f7a53c93041,extropic.motorcycles,available,1.8,19.98,medium,low,8,namecheap,,,17/08/2026 19:38
85012b47-4fb2-493f-ae83-966f74a19739,serious.motorcycles,available,1.99,17.29,high,low,7,namesilo,,,24/09/2026 23:04
e8a090ff-7d36-46e6-a3cf-7f6c2521f320,sonny.motorcycles,premium,672.95,672.95,high,low,5,spaceship,,,30/09/2026 17:50
84d576f9-fea8-4190-ba07-3b6f24b984ff,lorraine.motorcycles,available,1.99,17.29,high,low,8,namesilo,,,25/09/2026 09:09
f89ecd24-bc36-4696-85d4-b5c802518cc6,eliminated.motorcycles,available,1.24,13.97,medium,low,10,spaceship,,,28/09/2026 17:04
42dde1c1-0b0b-41f0-a535-bfe3148a0cd0,thermometer.motorcycles,available,1.24,13.97,high,low,11,spaceship,,,30/09/2026 03:20
6f60ffd7-0368-4b2c-9a34-04eb63f86c4c,juiceless.motorcycles,available,1.8,19.98,medium,low,9,namecheap,,,22/08/2026 14:18
546d8858-3701-415e-9002-032d689e55a3,historian.motorcycles,available,1.54,14.21,high,low,9,porkbun,,,29/09/2026 13:03
53fb3312-c4f4-4d52-8408-0b31fc52c7c2,lugubrious.motorcycles,available,1.8,19.98,medium,low,10,namecheap,,,24/08/2026 11:04
3682781b-9a65-47b3-8a7b-2016ef596dd4,has.motorcycles,available,1.99,,high,low,3,name.com,,,
524f63d9-418a-480b-9d89-f1eb954f751c,unconfused.motorcycles,available,1.8,21.98,medium,low,10,namecheap,,,12/09/2026 01:27
128821f7-b455-4650-b03d-88e8f6a8ddbd,hitting.motorcycles,available,1.99,20.99,high,low,7,name.com,,,25/09/2026 07:22
5bb2c2d5-d4ca-4adf-8aea-5309e620e240,germicidal.motorcycles,available,1.8,19.98,medium,low,10,namecheap,,,08/08/2026 07:07
c347a2e5-c917-4b71-a41a-4125747ad7a0,ancestry.motorcycles,premium,2600,2600,high,medium,8,namecheap,,,08/09/2026 13:19
c6dc3046-c11d-4168-9cc8-aea751b10aee,merry.motorcycles,available,1.8,19.98,high,low,5,namecheap,,,11/08/2026 04:28
760ced1d-2c9d-4640-a5af-4372a67ae86b,ante.motorcycles,available,1.99,17.29,high,low,4,namesilo,,,19/09/2026 12:39
8c029c6b-5ea0-47c3-83b2-ff5dfdd198b4,purifying.motorcycles,available,1.8,21.98,high,medium,9,namecheap,,,09/09/2026 06:18
dde499ec-a106-4945-8600-02b634d5473d,toupeed.motorcycles,available,1.8,21.98,low,low,7,namecheap,,,11/09/2026 18:18
01dcc7da-8ac1-4d1c-a762-ba639a66067a,cruciate.motorcycles,available,1.8,19.98,medium,low,8,namecheap,,,13/08/2026 08:40
3f7ab942-e140-4e4a-b137-305917b44578,uranium.motorcycles,available,1.99,17.29,high,low,7,namesilo,,,21/09/2026 00:11
93228a6d-49e9-4a23-9296-0370fa11e1ee,umar.motorcycles,available,1.24,13.97,high,low,4,spaceship,,,29/09/2026 11:35
8ae2e61e-6190-4987-871c-61bef4954277,cameraman.motorcycles,available,1.99,17.29,high,low,9,namesilo,,,29/09/2026 06:02
b2a38854-9695-40c5-9976-806310ebddb2,ganga.motorcycles,available,1.54,10.88,medium,low,5,porkbun,,,30/09/2026 19:38
8c4112f7-619f-4f86-a0ba-3bad07e909b3,caprice.motorcycles,available,1.99,17.29,high,low,7,namesilo,,,24/09/2026 12:38
d90078fb-fd72-472c-afb6-a043f9df526a,xiang.motorcycles,available,1.24,13.97,high,low,5,spaceship,,,29/09/2026 22:18
16be24d3-ea9b-453b-8995-bcd2f8c64f31,courses.motorcycles,available,1.99,15.75,high,low,7,namesilo,,,
a1774397-2453-4cc4-9e72-af9844d60e55,shawn.motorcycles,available,1.24,13.97,high,low,5,spaceship,,,27/09/2026 15:48
94f2857d-da88-48a9-876a-7e93c8114743,bouquet.motorcycles,available,1.99,17.29,high,low,7,namesilo,,,24/09/2026 07:35
e54abda9-a9e4-4fb4-8038-dc1b5cdfa538,elsass.motorcycles,available,1.99,17.29,medium,low,6,namesilo,,,18/09/2026 14:17
9e73a83e-0eb7-43f9-b6b6-94399d9bba9b,railways.motorcycles,available,1.99,17.29,medium,low,8,namesilo,,,18/09/2026 22:58
7e5e40f6-2c40-4ffb-bcd8-7fc05f58c1da,doubt.motorcycles,available,1.24,13.97,high,low,5,spaceship,,,29/09/2026 16:37
b2fdff71-8da9-4779-ad87-5442146113a2,quartette.motorcycles,available,1.8,21.98,medium,low,9,namecheap,,,09/09/2026 07:26
ac2ccce9-a8c4-4c4e-aa82-fb8b96cca166,plosive.motorcycles,available,1.8,21.98,medium,low,7,namecheap,,,04/09/2026 00:16
d6c7525e-4b74-4b09-bef2-1449bf0469f5,investing.motorcycles,available,1.24,13.97,high,low,9,spaceship,,,30/09/2026 01:22
b8e23198-69b8-48ee-b4e2-0136a4a87088,gymnasium.motorcycles,available,1.54,14.21,high,low,9,porkbun,,,29/09/2026 01:11
4f4cfa2d-0ce3-4803-9773-3e5fa62c457d,arp.motorcycles,available,1.99,17.29,high,low,3,namesilo,,,20/09/2026 08:35
d2e54752-9d34-4e97-8441-ca2d6240ba72,lavishly.motorcycles,available,1.8,21.98,medium,low,8,namecheap,,,15/09/2026 11:03
d7624679-9fc7-4d21-901a-d3d290741cc9,ulm.motorcycles,available,1.24,13.97,medium,low,3,spaceship,,,29/09/2026 09:33
1afc481b-ea37-445d-bf6b-eec814b314ad,ancients.motorcycles,available,1.99,17.29,high,low,8,namesilo,,,19/09/2026 03:51
786f632a-f07f-4833-af38-c0cc705f8466,ottar.motorcycles,available,1.8,21.98,medium,low,5,namecheap,,,20/09/2026 19:29
df5b6a24-a5e8-4ffb-8336-152dc8441839,boffo.motorcycles,available,1.8,19.98,high,low,5,namecheap,,,10/08/2026 16:57
67072574-0bfe-4625-a258-d2a3a9d860b1,uncial.motorcycles,available,1.8,21.98,medium,low,6,namecheap,,,12/09/2026 05:10
82831632-00fc-44a8-a919-10c4d36a5ff8,loudly.motorcycles,available,1.8,19.98,medium,low,6,namecheap,,,18/08/2026 12:25
87ddc26b-8f8f-4bcd-91b6-bd4d8e052809,pronunciation.motorcycles,available,1.99,17.29,medium,low,13,namesilo,,,30/09/2026 14:07
1c8427d9-cb7e-4dcf-ab61-081c6717fcf2,compromise.motorcycles,available,1.99,17.29,high,low,10,namesilo,,,24/09/2026 16:54
0d666c1c-dda8-411d-aaff-20b9fc94c603,utilizing.motorcycles,available,1.99,17.29,medium,low,9,namesilo,,,28/09/2026 07:08
9e7e42b0-ac6c-40bc-94aa-e299f170f057,ministrant.motorcycles,available,1.8,19.98,medium,low,10,namecheap,,,24/08/2026 23:57
cd593f19-826b-4921-bdb3-abf25bc032db,bedhead.motorcycles,available,1.99,,medium,low,8,name.com,,,
8b6b40ea-beb0-49b7-b6df-2d8fd488ff4c,directive.motorcycles,available,1.8,19.98,high,low,9,namecheap,,,14/08/2026 08:48
29ea1145-d7cf-4396-a18b-ebb73b1a15fa,claus.motorcycles,available,1.99,17.29,medium,low,5,namesilo,,,27/09/2026 02:28
996ef170-8ab7-40b0-b634-f0d68a2eec90,gustave.motorcycles,available,1.54,14.21,medium,low,7,porkbun,,,28/09/2026 09:09
25a360e8-0d8c-47b1-9c35-da347e0ab9ee,sparrow.motorcycles,available,1.8,21.98,high,low,7,namecheap,,,29/09/2026 00:43
7de893fb-09c4-42e3-8090-49416bc21c75,translator.motorcycles,available,1.99,14.45,high,low,10,dynadot,,,28/09/2026 19:30
09925ed7-f1c4-49aa-91b7-6ec1ca2dbace,agronomy.motorcycles,available,1.99,17.29,medium,low,8,namesilo,,,17/09/2026 19:42
ee6cf2d7-b54b-4e7e-8ecf-0b6c966c3e32,toasted.motorcycles,available,1.8,21.98,high,low,7,namecheap,,,11/09/2026 16:35
7675d50a-2a76-414d-9532-3ace6c77142d,bonkers.motorcycles,available,1.8,19.98,medium,low,7,namecheap,,,06/08/2026 20:40
4853b14c-4598-4b57-b035-cd52a81d0ac1,myopic.motorcycles,available,1.8,21.98,medium,low,6,namecheap,,,03/09/2026 12:14
b1d83b23-64cd-4734-ab88-9d5cc3e7d9f2,spoiled.motorcycles,available,1.8,21.98,medium,low,7,namecheap,,,10/09/2026 16:20
f5491e1a-7746-4736-af3e-c29b6713b0cf,baruch.motorcycles,available,1.99,17.29,medium,low,6,namesilo,,,22/09/2026 09:33
c5a7e9bf-bbb2-4ca9-861b-95b4a2a267d3,involute.motorcycles,available,1.8,19.98,high,low,8,namecheap,,,22/08/2026 09:12
5a059f08-ad79-484a-ae04-52d11143d53e,timur.motorcycles,available,1.24,13.97,medium,low,5,spaceship,,,30/09/2026 18:52
4c9eb0d7-f7bc-418d-af50-b6ac790a2547,keypress.motorcycles,available,1.99,,medium,low,9,name.com,,,
6bdb7253-873d-40dd-a14a-85253e6750ab,forensics.motorcycles,available,1.99,14.45,high,low,9,dynadot,,,30/09/2026 09:42
2d95493b-1110-4893-a3e1-a290120e8e33,competence.motorcycles,available,1.99,17.29,high,low,10,namesilo,,,24/09/2026 16:46
8c0c2fec-5d2c-468e-b901-e01c1a62761e,lifted.motorcycles,available,1.8,19.98,high,low,6,namecheap,,,23/08/2026 02:39
cab41252-8318-48ce-b687-910a91c73f84,beekeeping.motorcycles,available,1.99,17.29,high,low,10,namesilo,,,19/09/2026 17:24
57bf53f9-526e-4dad-a4d5-96f5eaf72b3a,aestival.motorcycles,available,1.8,19.98,medium,low,8,namecheap,,,
12bf8559-2a93-416d-95fd-dcc6d2ef6479,breads.motorcycles,available,1.99,17.29,medium,low,6,namesilo,,,18/09/2026 04:07
65bf5430-7af8-4a9c-975a-ace8768d7729,conklin.motorcycles,available,1.99,17.29,medium,low,7,namesilo,,,30/09/2026 13:55
1079f97f-61e9-4cc2-93f7-9b31ef522ba6,ravens.motorcycles,premium,2070.2,2070.2,medium,low,6,spaceship,,,30/09/2026 07:01
3a74a29a-c6f2-4284-8091-cd7f7c19c05f,neapolitan.motorcycles,available,1.8,21.98,medium,low,10,namecheap,,,03/09/2026 14:18
f93b3309-d2cf-4b2e-a4f6-daba793c2e67,apologies.motorcycles,available,1.24,13.97,high,low,9,spaceship,,,29/09/2026 03:19
557c76a0-0836-4a63-8528-f4b272477acb,glowingly.motorcycles,available,1.8,21.98,medium,low,9,namecheap,,,14/09/2026 21:48
48f93e0f-4aea-438c-93ce-b5cedb135b76,allgood.motorcycles,available,1.99,17.29,high,low,7,namesilo,,,18/09/2026 10:56
383b25b7-166f-4859-95f5-58ffe318a269,ani.motorcycles,available,1.99,17.29,high,low,3,namesilo,,,19/09/2026 08:25
14485ab3-6cff-4b26-b9e9-dcefffbf3b27,melchior.motorcycles,available,1.24,13.97,high,low,8,spaceship,,,30/09/2026 17:52
17f14887-fda6-4067-98ec-e70044902eec,extensible.motorcycles,available,1.8,19.98,high,low,10,namecheap,,,17/08/2026 19:03
0ed0370a-b675-4b1e-8ef0-e289a96aee53,rome.motorcycles,resell,,,high,low,4,Porkbun LLC,02/01/2026 04:31,02/01/2027 23:59,26/09/2026 08:44
b0d0a66d-ea05-45d0-bf91-78a927215e12,asphalt.motorcycles,available,1.99,17.29,high,low,7,namesilo,,,20/09/2026 15:08
2502d1fd-8009-4002-96d9-82e1f7562fab,adulterous.motorcycles,available,1.8,19.98,medium,low,10,namecheap,,,
9a04e1c3-d15c-4e35-ba06-68b135aa59bd,alligator.motorcycles,premium,2070.2,2070.2,high,low,9,spaceship,,,28/09/2026 20:35
f5243fbb-b286-48b9-bbaf-83f7bc1cb733,millilitre.motorcycles,available,1.8,19.98,medium,low,10,namecheap,,,11/08/2026 22:55
19a09397-6af8-457e-8c6a-e463178b4775,homeless.motorcycles,available,1.8,19.98,high,low,8,namecheap,,,14/08/2026 12:07
1c2e4d17-3759-4d1d-86d7-8ed5d8315255,ajuga.motorcycles,available,1.99,17.29,medium,low,5,namesilo,,,17/09/2026 23:42
32bfd29c-4939-42a1-a832-0dc92a45d402,blades.motorcycles,available,1.99,15.75,high,low,6,namesilo,,,
84c6819c-f987-4706-bab5-4b8d99b22d92,legerity.motorcycles,available,1.8,21.98,medium,low,8,namecheap,,,17/09/2026 17:50
7dd13ed8-9021-41d9-8fce-4b1af987a213,grandma.motorcycles,available,1.99,14.45,high,low,7,dynadot,,,29/09/2026 21:15
c7dadfa6-bb12-4b2a-9373-c9c687ae21fc,bifurcate.motorcycles,available,1.8,19.98,high,low,9,namecheap,,,09/08/2026 20:08
6e82f993-58e2-4b12-aed4-18b31fcf9b62,dimensional.motorcycles,available,1.24,13.97,high,low,11,spaceship,,,30/09/2026 03:41
184443b4-0f99-4791-930a-725a85e71d7c,mead.motorcycles,available,1.99,17.29,high,low,4,namesilo,,,30/09/2026 17:28
0d37216c-2888-4497-bb66-d9bc237ea4c0,beeline.motorcycles,available,1.8,21.98,high,low,7,namecheap,,,23/09/2026 01:18
9202bd0b-320f-45bc-8dd7-f5dc2a8b996e,diabolical.motorcycles,available,1.8,19.98,medium,low,10,namecheap,,,14/08/2026 01:30
4e64263f-e658-4a29-a3a6-16344d69de54,calf.motorcycles,available,1.99,14.45,high,low,4,dynadot,,,29/09/2026 05:52
2139c1ed-4c3c-42bc-bf75-3c74790caf62,bottled.motorcycles,available,1.8,21.98,medium,low,7,namecheap,,,29/09/2026 03:12
3db714f8-3e81-422c-9cee-d4335b75a7a7,exilic.motorcycles,available,1.8,19.98,medium,low,6,namecheap,,,17/08/2026 17:19
df4c1b5f-eb59-451e-8a75-f2e5b18725f3,retrospect.motorcycles,available,1.99,14.45,high,low,10,dynadot,,,30/09/2026 18:28
d4e05fdd-475f-4f49-82fe-d900caddafd4,tessa.motorcycles,available,1.99,14.45,high,low,5,dynadot,,,30/09/2026 04:17
7ae2d680-1d87-4b3b-9e68-3268e5a8662f,groups.motorcycles,available,1.99,15.75,high,low,6,namesilo,,,
206e8486-30e4-47da-b25a-9a133b10b488,hotter.motorcycles,available,1.99,17.29,high,low,6,namesilo,,,29/09/2026 08:52
4208e074-7cfa-4a63-84da-b7b0374d7e2d,textbooks.motorcycles,available,1.99,17.29,medium,low,9,namesilo,,,30/09/2026 16:14
c2b77430-562b-4f40-8390-feb9982ea781,reluctance.motorcycles,available,1.8,21.98,medium,low,10,namecheap,,,30/09/2026 10:58
ed934bd2-5047-4616-9679-f64d0b534258,cardiff.motorcycles,available,1.99,17.29,high,low,7,namesilo,,,28/09/2026 01:26
d04107cf-4bfb-40ef-8952-3df3bdb206bd,wear.motorcycles,available,1.99,17.29,high,low,4,namesilo,,,27/09/2026 08:43
f7ba7629-dd0d-438c-898e-d94561341f98,smallish.motorcycles,available,1.8,21.98,medium,low,8,namecheap,,,10/09/2026 11:46
c1d7f5d5-a8b1-4d7e-838a-d5bc7247fadf,baffle.motorcycles,available,1.8,21.98,medium,low,6,namecheap,,,09/09/2026 08:20
36374411-9584-429d-b1b7-6c68f0733712,psc.motorcycles,available,1.24,13.97,high,low,3,spaceship,,,29/09/2026 22:26
6bc22f71-e7f3-478b-9418-294873c010f6,gamma.motorcycles,available,1.99,17.29,high,high,5,namesilo,,,29/09/2026 06:30
5398fb1a-1018-4058-91dd-cc36ca539dc0,flown.motorcycles,available,1.8,21.98,medium,low,5,namecheap,,,28/09/2026 17:01
095bd5f8-94ad-45e6-8d5f-a77a00fca56f,loopy.motorcycles,available,1.8,19.98,medium,low,5,namecheap,,,06/08/2026 21:22
2cb9af3e-1afe-4768-833f-06de0ec72c63,raving.motorcycles,available,1.8,21.98,high,low,6,namecheap,,,15/09/2026 22:43
dedbb144-3a83-4bc3-8cdd-024c54030264,downy.motorcycles,available,1.8,19.98,high,low,5,namecheap,,,14/08/2026 17:40
b0c63a12-4c13-4dad-86cd-098f6eec072c,coordinated.motorcycles,available,1.99,17.29,high,low,11,namesilo,,,30/09/2026 03:56
c75d7791-2a82-4d9c-a3c0-7d2666bbec08,kershaw.motorcycles,available,1.54,14.21,medium,low,7,porkbun,,,29/09/2026 22:25
5741161c-357f-4333-a8e8-73739619f7bd,unshakable.motorcycles,available,1.99,17.29,high,low,10,namesilo,,,23/09/2026 10:41
bdb1150e-4d4d-4a38-ad96-62248153321d,thiamine.motorcycles,available,1.99,17.29,medium,low,8,namesilo,,,19/09/2026 05:38
d604db2c-408a-4e9d-8b38-52bfafa3a956,dabbler.motorcycles,available,1.8,19.98,medium,low,7,namecheap,,,14/08/2026 07:42
d2e19ccc-9c8c-4123-ab36-1087e70c8d4a,soh.motorcycles,available,1.8,21.98,medium,low,3,namecheap,,,16/09/2026 03:36
ede65a37-db81-4490-ac60-7cca911207ef,affidavit.motorcycles,available,1.8,21.98,medium,low,9,namecheap,,,28/09/2026 19:16
4714ee74-6dc6-414f-989d-d63b75f0a2e5,scheduled.motorcycles,available,1.24,13.97,high,low,9,spaceship,,,27/09/2026 18:26
305670a7-0562-43c1-a1b8-0369a096989e,barnet.motorcycles,available,1.24,13.97,medium,low,6,spaceship,,,28/09/2026 20:56
c5c4377d-2aad-4ff1-9643-d34dc2373420,objector.motorcycles,available,1.8,19.98,medium,low,8,namecheap,,,14/08/2026 12:43
f805ab70-b7c9-4be6-abd7-6a4ce4e2edd6,features.motorcycles,available,1.24,13.97,medium,low,8,spaceship,,,28/09/2026 12:52
3af9ad35-1c22-4d36-b5c5-0c648e657a5a,imperative.motorcycles,available,1.8,21.98,high,low,10,namecheap,,,08/09/2026 04:44
77456c9e-0ca2-4af0-ae8e-4f4e9980943d,christine.motorcycles,premium,672.95,672.95,high,low,9,spaceship,,,27/09/2026 19:02
c004ae19-d41c-4fab-a6fd-00a29dd1d602,crabwise.motorcycles,available,1.8,19.98,medium,low,8,namecheap,,,13/08/2026 04:14
e0c908eb-eeba-4b69-a22e-0ee3e32476bd,unwell.motorcycles,available,1.8,19.98,medium,low,6,namecheap,,,
f1db95cf-af4b-4942-87e3-117295361258,hem.motorcycles,available,1.8,21.98,medium,low,3,namecheap,,,17/09/2026 20:18
6c781302-1e81-4862-9809-546e129817c6,spaceward.motorcycles,available,1.99,17.29,medium,low,9,namesilo,,,16/09/2026 05:42
1d14a9c5-bf0f-4e73-bf81-5976b7bbc710,flabby.motorcycles,available,1.8,19.98,medium,low,6,namecheap,,,18/08/2026 06:05
5a8c6623-0f22-4e7e-80a0-bbb0a08039e0,zane.motorcycles,available,1.24,13.97,high,low,4,spaceship,,,29/09/2026 04:01
87f176af-ac63-4be1-b46d-68ce07580488,suspects.motorcycles,available,1.99,17.29,medium,low,8,namesilo,,,27/09/2026 03:17
cfe31302-36e3-4048-b52f-003fff4082b5,osmanli.motorcycles,available,1.8,21.98,medium,low,7,namecheap,,,04/09/2026 18:41
84a1771b-0170-4435-adcd-f7da52486746,shrewd.motorcycles,available,1.8,21.98,high,low,6,namecheap,,,22/09/2026 10:37
426781d9-1d50-42b6-b4eb-d186171dfd10,beauchamp.motorcycles,available,1.24,13.97,low,low,9,spaceship,,,29/09/2026 05:52
89977c8a-f3cc-401b-811c-cb297d58bd20,wigeon.motorcycles,available,1.99,17.29,medium,low,6,namesilo,,,19/09/2026 03:00
14a8aa1a-312d-473c-8a35-37c264c7ed90,merkel.motorcycles,available,1.24,13.97,high,low,6,spaceship,,,30/09/2026 05:16
8ba91c03-46ee-4f1d-96e4-fe041b1e1832,apparatus.motorcycles,available,1.8,21.98,high,low,9,namecheap,,,19/09/2026 19:49
20cbd265-9355-426d-8fb1-a35c983e0237,causing.motorcycles,available,1.8,21.98,high,low,7,namecheap,,,24/09/2026 13:13
8e21418f-1485-4cff-b8b5-883de138d9ff,bowery.motorcycles,available,1.8,19.98,high,medium,6,namecheap,,,10/08/2026 23:13
a3201b2e-ef55-400c-9504-9d8701526f1d,applicants.motorcycles,available,1.99,17.29,medium,low,10,namesilo,,,30/09/2026 16:22
0cd767d8-92be-475e-b9f1-d2bfa05fcfe8,deserving.motorcycles,available,1.8,19.98,high,low,9,namecheap,,,14/08/2026 03:29
d5b0d53e-9907-40f0-97e4-e8d704be055f,defy.motorcycles,available,1.99,17.29,high,low,4,namesilo,,,29/09/2026 20:41
83951fcd-7398-44e7-8ae7-41dd0e123d16,beneficial.motorcycles,available,1.8,19.98,high,low,10,namecheap,,,09/08/2026 14:24
e2c2c54b-836a-4e45-bb9a-3d6836646aff,learns.motorcycles,available,1.8,21.98,medium,low,6,namecheap,,,20/09/2026 05:46
d4239187-50d9-4560-990a-9155c3424e7b,scattering.motorcycles,available,1.99,17.29,high,low,10,namesilo,,,24/09/2026 22:59
be997982-be14-4f0e-9d3b-ab82a873a92b,enlarge.motorcycles,available,1.8,19.98,high,low,7,namecheap,,,15/08/2026 23:49
458193b4-20f6-4e01-bdbf-72ee43edbc11,aerology.motorcycles,available,1.99,17.29,medium,low,8,namesilo,,,17/09/2026 13:08
af871e49-84e5-426d-8a24-72db4a05a42e,thief.motorcycles,available,1.24,13.97,high,low,5,spaceship,,,30/09/2026 11:55
84d94308-bf8d-4425-88ab-87150fe96237,grenadian.motorcycles,available,1.8,19.98,high,low,9,namecheap,,,20/08/2026 20:00
ba13bb83-f4c3-47aa-bdc1-698e473b128c,disadvantage.motorcycles,available,1.99,15.75,high,low,12,namesilo,,,
cb743b8c-2cff-41f6-86a3-347520c19283,superuser.motorcycles,available,1.99,,high,low,9,name.com,,,
d29a667c-4400-4400-900d-60e3aca14a79,funding.motorcycles,available,1.24,13.97,high,low,7,spaceship,,,28/09/2026 14:11
31656d3b-41ea-465e-a146-cdde4a7baf9b,crook.motorcycles,available,1.8,19.98,medium,low,5,namecheap,,,13/08/2026 06:27
941d2659-f56f-4bd4-8344-9d6bcebf5c46,atropos.motorcycles,available,1.99,17.29,medium,low,7,namesilo,,,21/09/2026 01:01
8adaea5c-51bd-4f59-818b-86da07ab7c49,ernest.motorcycles,available,1.24,13.97,high,low,6,spaceship,,,28/09/2026 11:52
f0ed197d-824f-48b0-9275-b462d611c1f7,arranging.motorcycles,available,1.8,21.98,high,low,9,namecheap,,,20/09/2026 08:47
0f7b1fff-fb1e-4d88-b5a3-750746f70f9e,slanting.motorcycles,available,1.8,19.98,medium,low,8,namecheap,,,07/08/2026 04:20
2d1f566c-cd86-4f4d-8203-4937bf4f4801,madam.motorcycles,available,1.8,21.98,high,low,5,namecheap,,,24/09/2026 10:51
9394d47e-1fc4-44d1-8433-18d2e4179004,conceited.motorcycles,available,1.8,19.98,medium,low,9,namecheap,,,12/08/2026 19:54
4ea837be-f097-49e2-86b5-93d7d32586b6,underclass.motorcycles,available,1.8,21.98,medium,low,10,namecheap,,,12/09/2026 07:22
61228fcf-f487-4d1e-a760-ddcceffab62e,ardor.motorcycles,available,1.99,17.29,high,low,5,namesilo,,,20/09/2026 03:15
bda070c0-ccc1-4238-94fd-39a9a1115f74,loosely.motorcycles,available,1.99,17.29,medium,low,7,namesilo,,,28/09/2026 13:33
a0da7a08-a333-4411-b472-3e8641d181f9,vacuous.motorcycles,available,1.8,19.98,low,low,7,namecheap,,,07/08/2026 02:52
2b34df31-6cad-4207-ae96-92d0f94a418c,adieu.motorcycles,available,1.24,13.97,high,low,5,spaceship,,,28/09/2026 18:34
3a6c900d-d959-476a-8cd0-d83f7bbfc5cf,ageing.motorcycles,available,1.99,17.29,high,low,6,namesilo,,,21/09/2026 22:43
a1ae4583-5352-46c8-9e9c-254331d9d8b4,triennial.motorcycles,available,1.8,21.98,medium,low,9,namecheap,,,11/09/2026 19:31
5ed55ffc-c631-41a3-867b-bca5591aae5a,arches.motorcycles,available,1.24,13.97,medium,low,6,spaceship,,,30/09/2026 05:05
f0c1dc7b-6db0-4ec8-a349-6e58123cc5ad,balaton.motorcycles,available,1.99,20.99,medium,low,7,name.com,,,21/09/2026 21:18
a4c120ea-1109-4f8d-9f94-299e5e314a7c,premolar.motorcycles,available,1.8,19.98,high,low,8,namecheap,,,09/08/2026 19:46
b95d722d-51b0-4715-9a69-f24fb1ee1949,required.motorcycles,available,1.8,21.98,high,low,8,namecheap,,,23/09/2026 18:27
56a4c13f-c109-4b52-8b35-d1c1365c6063,channels.motorcycles,available,1.54,14.21,high,low,8,porkbun,,,29/09/2026 08:04
acea8f83-2f8a-4112-861d-670a3bb0f9b6,preferred.motorcycles,available,1.8,19.98,high,low,9,namecheap,,,09/08/2026 17:53
0c284e01-ab1f-48b6-a437-bf62bf2e5766,basically.motorcycles,available,1.24,13.97,medium,low,9,spaceship,,,28/09/2026 13:22
c0223124-09fa-4bb6-8f9e-3af97c490b64,cagy.motorcycles,available,1.8,19.98,medium,low,4,namecheap,,,11/08/2026 13:21
71d7bfba-b8ad-46b1-9517-7b2c9f62ce1a,banal.motorcycles,available,1.99,17.29,medium,low,5,namesilo,,,22/09/2026 16:37
5c0a3955-2cce-4655-87ca-728279a04582,induction.motorcycles,available,1.8,21.98,high,low,9,namecheap,,,29/09/2026 12:10
6c02591b-e2ff-4edf-a779-bb60964881ec,soto.motorcycles,premium,832,832,high,low,4,namesilo,,,27/09/2026 07:28
0984093b-0797-496a-87cc-c0d18d97d573,mentally.motorcycles,available,1.8,21.98,medium,low,8,namecheap,,,15/09/2026 14:13
586d1da7-c4ea-4519-a7f4-34fb7ec5e270,ron.motorcycles,available,1.99,17.29,high,low,3,namesilo,,,25/09/2026 00:25
0d2d8ff6-8793-4046-bcef-481edd33eef8,doorstep.motorcycles,available,1.99,17.29,high,low,8,namesilo,,,30/09/2026 09:23
602c47aa-a398-4c5c-9697-82cb73ee5151,overview.motorcycles,available,1.54,14.21,high,low,8,porkbun,,,30/09/2026 02:27
a631734a-5d65-425f-90f8-0639559e2cc9,platoon.motorcycles,available,1.99,17.29,high,low,7,namesilo,,,27/09/2026 15:14
88cc647c-cb96-40d8-a571-11b27034fc15,amyl.motorcycles,available,1.99,17.29,medium,low,4,namesilo,,,19/09/2026 00:29
42b44300-0936-44a3-89ca-c95ddbd94855,doorbell.motorcycles,available,1.99,17.29,medium,low,8,namesilo,,,29/09/2026 22:59
09691746-db05-4e95-a2a1-5d88d50e2625,unsteady.motorcycles,available,1.8,21.98,medium,low,8,namecheap,,,12/09/2026 10:21
a79052fd-4c4e-46d8-b075-49eb4764d2f0,abortive.motorcycles,available,1.8,19.98,medium,low,8,namecheap,,,
bccb1a2a-731d-4690-9000-39e232a5d16d,clues.motorcycles,available,1.54,14.21,medium,low,5,porkbun,,,28/09/2026 05:05
cd444e69-948c-45d9-aa5f-a9c163fd8140,composure.motorcycles,available,1.8,19.98,high,low,9,namecheap,,,11/08/2026 14:55
92a184d8-7b68-416d-9ec4-2319e8fdecec,newbie.motorcycles,available,1.8,21.98,high,low,6,namecheap,,,24/09/2026 19:51
7d310306-2719-4be0-9a8a-53b25ffd89c3,railway.motorcycles,available,1.24,13.97,high,low,7,spaceship,,,28/09/2026 20:14
5b833acc-2280-43a3-b6e8-64cdc80d18ce,cathy.motorcycles,available,1.99,17.29,high,low,5,namesilo,,,17/09/2026 16:36
80faa282-de86-4b87-aafc-894782e4c8d0,vaux.motorcycles,available,1.99,25.99,high,low,4,godaddy,,,01/10/2026 01:15
64b9047f-7967-44e2-91d6-3f544e6eec21,weinstein.motorcycles,available,1.24,13.97,high,low,9,spaceship,,,28/09/2026 07:31
57201e67-c20a-402a-86c5-b55d197f2f18,conceptive.motorcycles,available,1.8,19.98,medium,low,10,namecheap,,,12/08/2026 20:03
4e3b7529-ba0b-4305-8c16-d24c45f8d510,catclaw.motorcycles,available,1.99,17.29,medium,low,7,namesilo,,,23/09/2026 23:59
7d42473b-c47c-4b48-971b-ab3b5f75b9e2,alocasia.motorcycles,available,1.99,17.29,medium,low,8,namesilo,,,18/09/2026 12:56
87cbd784-de7b-4da6-ab98-4b5b90afded2,sketches.motorcycles,available,1.99,17.29,medium,low,8,namesilo,,,28/09/2026 23:25
a7b5c155-9d4a-4434-93a0-778c7905f209,truncheon.motorcycles,available,1.99,17.29,medium,low,9,namesilo,,,23/09/2026 16:38
abb8208f-1915-422b-b82c-44d712e054ee,erosive.motorcycles,available,1.8,19.98,medium,low,7,namecheap,,,13/08/2026 02:09
2d3563b2-b78a-46dc-8ac0-c1f01b94056d,version.motorcycles,available,1.54,14.21,high,low,7,porkbun,,,28/09/2026 18:17
8505ac30-2d77-4b23-99be-754454fea407,addax.motorcycles,available,1.99,17.29,medium,low,5,namesilo,,,17/09/2026 06:40
ea7b59b9-3de7-44f1-a4a8-f3abd6c74971,practically.motorcycles,available,1.99,17.29,medium,low,11,namesilo,,,25/09/2026 11:39
879133bc-4366-44cc-99f2-036a6a0a20f6,sinclair.motorcycles,available,1.99,20.99,high,low,8,name.com,,,25/09/2026 04:16
f66c132d-9ac0-4a32-8668-1ec7c80aeb10,adverse.motorcycles,available,1.8,19.98,medium,low,7,namecheap,,,
b846778d-78c0-47ab-994d-9215362e1a8c,engrossing.motorcycles,available,1.8,19.98,high,low,10,namecheap,,,
a29c1c46-719e-4b60-9982-d285a9093f9a,kannada.motorcycles,available,1.24,13.97,high,low,7,spaceship,,,30/09/2026 17:46
5e5467e7-5feb-4040-a28a-f1896ffb2043,frames.motorcycles,available,1.24,13.97,medium,low,6,spaceship,,,29/09/2026 11:27
e24ff704-5a1e-46ee-beeb-af9800c5c435,arawak.motorcycles,available,1.8,19.98,medium,low,6,namecheap,,,06/08/2026 12:38
ebd505c7-e59e-4e8b-afe0-aeace367daf6,bourgeois.motorcycles,available,1.8,19.98,high,medium,9,namecheap,,,10/08/2026 22:45
e1c0b464-65fd-4c7f-8e49-f826e5107ad1,warfare.motorcycles,available,1.24,13.97,high,low,7,spaceship,,,30/09/2026 14:38
d118f37c-34e1-40d9-b1db-9340106799db,canned.motorcycles,available,1.8,19.98,high,low,6,namecheap,,,11/08/2026 17:10
88d3b0e2-33fe-4f12-976d-b2c112429197,installing.motorcycles,available,1.99,17.29,high,low,10,namesilo,,,30/09/2026 02:00
208e7f2f-4d03-47c2-b288-3be733fc7a11,hugo.motorcycles,premium,2660,2660,high,high,4,namesilo,,,28/09/2026 06:01
fb48e894-14b7-4c45-a67c-d4553da6562e,arugula.motorcycles,available,1.99,17.29,high,low,7,namesilo,,,20/09/2026 12:10
701f050e-3069-4113-b7eb-461508c95171,harte.motorcycles,available,1.99,17.29,medium,low,5,namesilo,,,01/10/2026 01:12
1b7418a3-dff9-4298-b053-6972e4505948,estimable.motorcycles,available,1.8,19.98,medium,low,9,namecheap,,,12/08/2026 19:44
36333f20-6923-452f-a72b-10bb817df4d5,fuller.motorcycles,premium,2660,2660,high,low,6,namesilo,,,29/09/2026 11:47
319f8bd7-15e3-402d-a57e-c1251aabe3b1,wilshire.motorcycles,available,1.54,14.21,medium,low,8,porkbun,,,29/09/2026 22:35
dee31ed5-8861-42ab-9629-5918c864927e,lighter.motorcycles,available,1.8,21.98,high,low,7,namecheap,,,22/09/2026 05:44
26770d0f-854f-4ea2-b167-c9fe787a675d,list.motorcycles,resell,1.99,,high,low,4,"Spaceship, Inc.",16/08/2026 02:40,16/08/2027 23:59,26/09/2026 07:16
1c51d324-892f-4488-bb6f-1ba0613d1153,whitman.motorcycles,available,1.24,13.97,medium,low,7,spaceship,,,29/09/2026 13:23
50ead3cb-a740-483e-ab28-dbb786bb46e2,embarrassing.motorcycles,available,1.99,17.29,medium,low,12,namesilo,,,27/09/2026 06:37
5e6f6724-4d4c-48a8-8efb-ae6e363f42b9,preservation.motorcycles,available,1.24,13.97,high,low,12,spaceship,,,29/09/2026 16:07
9540db45-6443-4dee-9c60-451ca22e7505,subdivision.motorcycles,available,1.24,13.97,high,low,11,spaceship,,,29/09/2026 21:00
255be3a6-8cd4-4327-8924-86d2f789987f,clears.motorcycles,available,1.24,13.97,high,low,6,spaceship,,,29/09/2026 17:52
92b00158-2113-44a9-8d79-b7baf77c15e6,ceo.motorcycles,available,1.99,17.29,high,low,3,namesilo,,,24/09/2026 13:36
b160fc0b-c436-4a15-b684-0b6534e9f0ad,deleted.motorcycles,available,1.99,14.45,medium,low,7,dynadot,,,29/09/2026 21:19
c452828a-0339-49d4-9f8c-b67945af036f,arterial.motorcycles,available,1.8,19.98,high,low,8,namecheap,,,06/08/2026 22:29
199a00f2-2415-4ea1-8916-1f77f888d8ac,beano.motorcycles,available,1.8,21.98,medium,low,5,namecheap,,,22/09/2026 20:40
d2678efc-6b72-4c55-b140-c6950cf8c3da,resistance.motorcycles,available,1.8,21.98,high,low,10,namecheap,,,12/09/2026 07:26
f6491015-2624-4531-a637-92e8030034d9,episodic.motorcycles,available,1.8,19.98,medium,low,8,namecheap,,,17/08/2026 11:11
7ae0f5b4-5424-401e-bf1f-56f726bc92fa,squeeze.motorcycles,available,1.8,19.98,high,low,7,namecheap,,,20/08/2026 22:27
3952ff31-5d86-4495-8ba9-427908eeb295,artificial.motorcycles,available,1.99,17.29,high,low,10,namesilo,,,29/09/2026 08:59
c5d0f19e-3f9c-41b0-86aa-3ebfb780681b,midwest.motorcycles,available,1.99,17.29,high,low,7,namesilo,,,29/09/2026 07:37
b60928d3-4f49-42c3-b6f4-ccf40bbc367d,sufficient.motorcycles,available,1.24,13.97,high,low,10,spaceship,,,28/09/2026 01:52
17341d30-2a82-40b3-a776-6632c9c2a262,lower.motorcycles,available,1.24,13.97,high,low,5,spaceship,,,29/09/2026 20:00
2af10032-25d6-4b08-8a3e-dab3ab21baaf,concentric.motorcycles,available,1.8,19.98,high,low,10,namecheap,,,12/08/2026 19:57
306543b8-3936-4723-a68e-72110683513f,michelangelo.motorcycles,available,1.99,14.45,high,low,12,dynadot,,,30/09/2026 21:07
43018b9f-d87b-4248-9eea-34ef63c01822,ceylonese.motorcycles,available,1.8,19.98,high,low,9,namecheap,,,12/08/2026 01:10
a9c45bad-4d56-47f7-a611-0218cf430b87,modernity.motorcycles,available,1.99,17.29,high,low,9,namesilo,,,24/09/2026 17:40
0cabd36c-b398-4740-a232-19003ec4f6ed,agents.motorcycles,resell,,,high,medium,6,"Spaceship, Inc.",07/04/2026 11:52,07/04/2027 23:59,28/09/2026 07:07
1f1670a0-e534-4ff2-b6c1-1e2b770cdbc2,katherine.motorcycles,premium,832,832,high,low,9,namesilo,,,28/09/2026 03:49
fc41939f-83c8-49a3-955a-d222d0e5ef67,marley.motorcycles,available,1.24,13.97,medium,low,6,spaceship,,,29/09/2026 00:11
9ec404fa-2b84-4701-9eb6-2803cd9212ec,tartaric.motorcycles,available,1.8,21.98,medium,low,8,namecheap,,,11/09/2026 08:48
bbf7a335-3f81-4482-9d51-ce0f088e0dfc,hoarse.motorcycles,available,1.8,19.98,medium,low,6,namecheap,,,21/08/2026 10:10
d08432d4-86e7-4d52-9464-0afd0d45db76,michelson.motorcycles,available,1.8,21.98,medium,low,9,namecheap,,,16/09/2026 12:52
abaaaf9f-c1dc-461c-9ae6-175299781fc3,jerk.motorcycles,available,1.99,17.29,high,low,4,namesilo,,,25/09/2026 11:41
9fcafdb0-54ba-43c6-9315-d082e1002b46,truncate.motorcycles,available,1.8,21.98,high,low,8,namecheap,,,11/09/2026 20:40
edc883f8-95e3-4d63-b34d-817a01de5cff,goldwyn.motorcycles,available,1.24,13.97,medium,low,7,spaceship,,,30/09/2026 17:29
55364e80-2cd0-412b-a378-461f0bafab14,grasping.motorcycles,available,1.8,19.98,medium,low,8,namecheap,,,07/08/2026 22:04
3f0e300c-65e0-4198-afc4-95d576552156,bonham.motorcycles,available,1.24,13.97,medium,low,6,spaceship,,,30/09/2026 12:37
20a5aca2-1cb3-43cd-9632-e724b4944d44,ehrlich.motorcycles,available,1.99,17.29,medium,low,7,namesilo,,,29/09/2026 00:46
d7343c5a-b3e2-47d9-8209-e715f5c29787,snooty.motorcycles,available,1.8,19.98,medium,low,6,namecheap,,,09/08/2026 20:39
6d52b998-ae9f-44df-8b6f-73e58910eb2d,levi.motorcycles,premium,2660,2660,high,low,4,namesilo,,,29/09/2026 13:18
2e0e1ee8-45a8-48aa-95af-e5a8f365bc56,neighborly.motorcycles,available,1.8,21.98,high,low,10,namecheap,,,03/09/2026 15:16
761846f7-4270-45a6-8935-aae761f5efe0,puppy.motorcycles,available,1.99,17.29,high,low,5,namesilo,,,27/09/2026 15:27
f2d21f5d-a0d8-464f-91b5-26de0811cac2,samba.motorcycles,available,1.99,17.29,high,low,5,namesilo,,,20/09/2026 04:00
04e69b69-f503-4430-8618-ef46c923b08e,wording.motorcycles,available,1.24,13.97,high,low,7,spaceship,,,29/09/2026 08:51
9354f1b5-75e6-4f59-be7f-19d44598d7fc,sequential.motorcycles,available,1.8,21.98,high,low,10,namecheap,,,10/09/2026 04:27
6a7c4e28-bf96-40de-809e-0f383fe67d7f,jamison.motorcycles,available,1.54,14.21,high,low,7,porkbun,,,29/09/2026 19:25
48e9a024-df05-404a-9151-08ab6eb78115,becquerel.motorcycles,available,1.99,17.29,medium,low,9,namesilo,,,19/09/2026 15:23
0a0714f1-5dd4-494f-baf1-c9d41e58c413,aalto.motorcycles,available,1.99,17.29,high,low,5,namesilo,,,16/09/2026 13:16
d76aa4ed-ba1b-4e3d-8f07-507c9e2c0851,uncaring.motorcycles,available,1.8,21.98,medium,low,8,namecheap,,,12/09/2026 00:02
4ba44b23-c3e3-4c8c-9d2f-34ab330cd9d6,psyche.motorcycles,available,1.24,13.97,high,low,6,spaceship,,,30/09/2026 04:32
fb9ca9cc-8175-4ed9-8948-239c945ceccc,lily.motorcycles,premium,,,high,medium,4,,,,28/09/2026 02:17
92376314-d4b1-4573-b0c3-433b767c5fa6,hitchcock.motorcycles,available,1.99,17.29,high,low,9,namesilo,,,18/09/2026 06:32
a05283a9-3bed-47dd-b647-fb9adc7cc464,axle.motorcycles,available,1.24,13.97,high,high,4,spaceship,,,28/09/2026 06:51
38b3e706-7a09-4312-9474-33b95ca3d97a,molto.motorcycles,available,1.8,21.98,medium,low,5,namecheap,,,15/09/2026 15:19
32c51351-573c-48e8-996e-d61a84ee3ae1,anglophobe.motorcycles,available,1.8,21.98,medium,low,10,namecheap,,,19/09/2026 06:55
ed1315f2-7003-4506-80bc-0fbc44e1a194,tribal.motorcycles,available,1.8,21.98,high,low,6,namecheap,,,11/09/2026 19:22
0d4f777a-0d57-48fb-9295-4cf3a9ad4e36,wrongful.motorcycles,available,1.99,17.29,medium,low,8,namesilo,,,28/09/2026 11:11
91c53a61-a183-4132-a669-7b503cd346b6,fold.motorcycles,available,1.99,17.29,high,low,4,namesilo,,,28/09/2026 14:00
d5a2409e-cd32-4d53-85de-aa06c73e3c32,switched.motorcycles,available,1.99,17.29,medium,low,8,namesilo,,,27/09/2026 09:43
de493589-8098-451a-b781-6e6e76e59222,maxi.motorcycles,available,1.8,19.98,high,low,4,namecheap,,,24/08/2026 17:46
3f91ea19-a704-4385-b57b-7cc357427fe6,consequences.motorcycles,available,1.99,17.29,high,low,12,namesilo,,,27/09/2026 08:40
8e872f08-0153-4853-8c3d-529f280eaf1c,pursuit.motorcycles,available,1.8,21.98,high,low,7,namecheap,,,21/09/2026 09:41
da1052eb-9ae9-43ff-bd34-14fa995c6169,gooch.motorcycles,available,1.99,17.29,medium,low,5,namesilo,,,30/09/2026 19:40
c747c6bb-8516-465c-a9f9-6c80d5b8ea69,madeleine.motorcycles,available,1.8,21.98,high,low,9,namecheap,,,29/09/2026 14:18
df512913-c53b-4d7b-928a-52f73de6562b,balbriggan.motorcycles,available,1.8,21.98,medium,low,10,namecheap,,,21/09/2026 21:25
252e620b-8442-4f17-9da5-a77e61ebdb2f,pencils.motorcycles,available,1.99,17.29,medium,low,7,namesilo,,,20/09/2026 08:42
bd86aa8a-df5a-499d-9715-47fabd90f45c,tunnel.motorcycles,available,1.99,17.29,high,low,6,namesilo,,,25/09/2026 03:48
4dcf190b-2267-4dc3-9a9b-d6b4e7f35a81,screamed.motorcycles,available,1.99,17.29,low,low,8,namesilo,,,30/09/2026 07:12
6662aaee-ddb4-419d-84c9-2b9d018262ad,fervently.motorcycles,available,1.8,21.98,medium,low,9,namecheap,,,14/09/2026 18:24
8aca88f4-9a2d-4909-b4b2-ace7d3cef839,humbly.motorcycles,available,1.8,21.98,high,low,6,namecheap,,,15/09/2026 01:22
aee96510-610e-43c9-9a69-77ab130f6340,voters.motorcycles,available,1.24,13.97,medium,low,6,spaceship,,,29/09/2026 10:41
d5915bb4-abe8-47ae-b847-4ff67f8ea34d,spot.motorcycles,premium,2070.2,2070.2,high,medium,4,spaceship,,,29/09/2026 02:14
161da4e5-5b13-415e-b3f3-1a69e8ce042c,baboon.motorcycles,available,1.8,21.98,high,low,6,namecheap,,,21/09/2026 12:58
f1ee2fcd-a86a-44af-9a02-c6853fc1bd90,sunnily.motorcycles,available,1.8,21.98,medium,low,7,namecheap,,,14/09/2026 06:41
1c823d5d-f085-4461-ac20-324d100f6892,henan.motorcycles,available,1.99,17.29,medium,low,5,namesilo,,,29/09/2026 15:30
cb4d465b-bd3d-4cad-967d-d2b65ef5f858,forking.motorcycles,available,1.8,19.98,medium,low,7,namecheap,,,11/08/2026 02:19
528134bf-4723-41b1-982f-b6bd2687992d,packages.motorcycles,available,1.99,17.29,medium,low,8,namesilo,,,19/09/2026 00:23
f064ce0d-c513-4a24-ae94-6dbd3dcb5a95,electron.motorcycles,available,1.99,17.29,high,low,8,namesilo,,,29/09/2026 18:44
b4b57db5-9afa-498c-a8f2-2921b25122b2,slavish.motorcycles,available,1.8,21.98,medium,low,7,namecheap,,,10/09/2026 10:38
8ea4acb9-ecd9-4230-962f-eecca18eb30e,loire.motorcycles,available,1.99,17.29,medium,low,5,namesilo,,,28/09/2026 14:48
c769e494-b9cd-4499-bbec-08b151aec8e0,corners.motorcycles,available,1.99,17.29,low,low,7,namesilo,,,28/09/2026 08:44
d70c4278-8690-4512-a92f-02ebbd4a7fcf,woven.motorcycles,available,1.24,13.97,high,low,5,spaceship,,,28/09/2026 11:08
c3faf506-0a71-4acd-ac99-efc5a9721ac7,continental.motorcycles,available,1.24,13.97,high,low,11,spaceship,,,28/09/2026 21:03
4b3042d1-70a6-4ed5-9865-269e2c1f894f,pulitzer.motorcycles,available,1.8,21.98,high,low,8,namecheap,,,29/09/2026 19:26
34544a6f-ff67-4d0c-8df5-7e811757ec6e,barlow.motorcycles,available,1.99,14.45,high,low,6,dynadot,,,29/09/2026 03:31
175a57a2-624e-4f35-8dd2-d61fafd7fbba,margaret.motorcycles,premium,845,845,medium,low,8,namecheap,,,25/09/2026 18:23
f26937b2-c665-4c6e-bee3-06eaf3a53569,holocene.motorcycles,available,1.8,21.98,medium,low,8,namecheap,,,09/09/2026 11:21
d58cbf40-87f9-469e-8321-d585329cb1c6,normalization.motorcycles,available,1.8,21.98,medium,low,13,namecheap,,,29/09/2026 09:26
00ec6f2b-ac01-4152-b98f-3401170508ad,veneto.motorcycles,available,1.24,13.97,high,low,6,spaceship,,,30/09/2026 11:16
731d2846-c5fe-4901-bf75-0b98fdf135c5,browbeat.motorcycles,available,1.8,19.98,medium,low,8,namecheap,,,11/08/2026 08:53
3eae0e9d-5d90-4741-8937-57ecffd934d5,loser.motorcycles,available,1.99,17.29,medium,low,5,namesilo,,,18/09/2026 14:19
1f6347ef-1f4a-4729-8875-925f796bae11,balthasar.motorcycles,available,1.99,17.29,high,low,9,namesilo,,,22/09/2026 00:15
cd0edc26-48e5-4065-9e4b-15b715b4da6d,feign.motorcycles,available,1.8,21.98,high,medium,5,namecheap,,,09/09/2026 01:48
7bed97f7-0709-4ccc-8574-bafe8b2c77fa,tahiti.motorcycles,available,1.8,21.98,high,low,6,namecheap,,,29/09/2026 20:28
42403f18-565c-4f01-a061-c4c29ea23f23,stages.motorcycles,available,1.99,17.29,high,low,6,namesilo,,,16/09/2026 12:11
76ae1ba8-f115-42f4-9ef4-6c1c7a93c717,apothecium.motorcycles,available,1.99,17.29,medium,low,10,namesilo,,,19/09/2026 19:43
ad015b89-8785-4508-897f-3d548175dce6,veiled.motorcycles,available,1.8,21.98,medium,low,6,namecheap,,,13/09/2026 01:50
eb98afd6-15a8-4a5d-b497-94f40e1615a4,stands.motorcycles,available,1.99,,medium,low,6,name.com,,,
ff881e06-2379-44a1-ad39-c9bb42b631ed,neotenous.motorcycles,available,1.8,21.98,medium,low,9,namecheap,,,03/09/2026 15:33
9a6f9852-67ae-49f0-b3a1-a470d30160bf,supporters.motorcycles,available,1.99,17.29,medium,low,10,namesilo,,,30/09/2026 07:11
6c6ed0af-d095-4a4a-9aa5-bc6e6e1eebc3,catawba.motorcycles,available,1.8,21.98,high,low,7,namecheap,,,30/09/2026 08:59
bd8948ec-20b7-40d8-a80c-ec31a9700977,outsize.motorcycles,available,1.8,21.98,high,low,7,namecheap,,,04/09/2026 19:38
2662cd8a-f269-4b96-865d-50333b6ddd3f,sphere.motorcycles,available,1.8,19.98,high,high,6,namecheap,,,16/08/2026 20:56
88a2caf0-f379-4f6a-91d3-2bdfec3801ca,fulgid.motorcycles,available,1.8,19.98,medium,low,6,namecheap,,,
5044419a-4d6f-43cc-b20c-1aaa40cc6265,cymry.motorcycles,available,1.8,21.98,medium,low,5,namecheap,,,13/09/2026 10:45
5a7ef24b-b9c2-4a69-b8ff-7ea20553a70c,herbal.motorcycles,available,1.8,19.98,high,low,6,namecheap,,,21/08/2026 06:58
0f7ef97c-019f-4146-853b-3ab5f06d1edf,inflict.motorcycles,available,1.8,21.98,high,low,7,namecheap,,,30/09/2026 03:14
f8a28874-a39e-43cf-b78e-3ced6e2fd606,bisque.motorcycles,available,1.8,21.98,high,low,6,namecheap,,,23/09/2026 22:05
c537ba8f-cca8-4578-9f83-673e228b5ccd,unattached.motorcycles,available,1.8,19.98,medium,low,10,namecheap,,,18/08/2026 14:48
01d44fa6-9e12-490f-9239-fc1e8375f27b,bluewing.motorcycles,available,1.99,17.29,medium,low,8,namesilo,,,19/09/2026 02:57
c32bdf5a-0875-4a27-8e78-234d41170020,wherever.motorcycles,available,1.99,17.29,medium,low,8,namesilo,,,16/09/2026 11:29
8213695b-65cf-42e2-8b78-ef8529218ca2,believer.motorcycles,available,1.99,17.29,high,low,8,namesilo,,,23/09/2026 05:13
5c9caa9d-93c5-4c71-ba95-a00832625bd3,volute.motorcycles,available,1.8,19.98,medium,low,6,namecheap,,,12/08/2026 16:14
3c95c6bb-c22a-426b-956d-4ce196715269,conform.motorcycles,available,1.99,14.45,high,low,7,dynadot,,,30/09/2026 17:47
8f0b76e7-45f9-42e3-b03d-c7afc89d7938,invaluable.motorcycles,available,1.99,17.29,high,low,10,namesilo,,,25/09/2026 11:01
5895c710-957c-4b15-9fd7-97e729b905b4,acquittal.motorcycles,available,1.99,17.29,high,low,9,namesilo,,,17/09/2026 02:42
7d684a9b-7f8d-4474-a971-aebd79a2f9de,ransom.motorcycles,available,1.8,21.98,medium,low,6,namecheap,,,27/09/2026 05:07
532fb5ce-28dd-4fed-9ced-41d50c46b4b4,statewide.motorcycles,available,1.8,21.98,high,low,9,namecheap,,,10/09/2026 19:10
a9ad9f90-ec47-451a-8d40-9d3734fe21e8,scc.motorcycles,available,1.99,17.29,high,low,3,namesilo,,,30/09/2026 11:50
4dfcc5a8-1fc4-4db6-9aad-4e5155878e0d,butch.motorcycles,available,1.8,19.98,high,low,5,namecheap,,,11/08/2026 11:29
5d9e5ad7-4214-4095-bcd7-a3d73f7fcf27,familiar.motorcycles,available,1.99,17.29,high,low,8,namesilo,,,24/09/2026 16:30
f7cba75d-db72-4cb4-8b0f-0daf99a49185,yarn.motorcycles,available,1.99,17.29,high,low,4,namesilo,,,29/09/2026 07:56
fd3a24b9-cfcf-4e9f-8cef-cdcff19f05cf,blues.motorcycles,available,1.8,21.98,high,low,5,namecheap,,,29/09/2026 03:01
46a3719c-87e6-45a5-9d1e-64114f51cb2a,coeval.motorcycles,available,1.8,19.98,medium,low,6,namecheap,,,12/08/2026 15:28
bb829284-9911-4f78-b781-876b3dec13fe,atar.motorcycles,available,1.8,21.98,medium,low,4,namecheap,,,20/09/2026 19:24
ba09b4e2-07e5-4a60-96cf-6b073b26a00a,paean.motorcycles,available,1.8,21.98,high,low,5,namecheap,,,05/09/2026 00:45
76394537-0498-4139-b3ac-44972107a905,aeolis.motorcycles,available,1.99,17.29,low,low,6,namesilo,,,17/09/2026 12:32
72458c8b-3eaa-4672-97f1-5512f02d5662,contralto.motorcycles,available,1.8,19.98,medium,low,9,namecheap,,,
2e8f8213-3ea3-4a9e-b8c9-6669538e1719,gemini.motorcycles,resell,,,high,high,6,,,,01/10/2026 02:17
c3829761-2fd6-469d-b10a-d115aeb93213,repeat.motorcycles,available,1.8,21.98,high,low,6,namecheap,,,24/09/2026 12:27
68f30607-dc91-417b-be10-ba08499d711b,acetone.motorcycles,available,1.99,17.29,high,low,7,namesilo,,,17/09/2026 00:07
7a44bdf2-6b2e-4329-ab93-3d8322bfcdd4,dubuque.motorcycles,available,1.24,13.97,medium,low,7,spaceship,,,28/09/2026 05:32
7478a22a-d3dd-432c-acc8-188273f71bb0,berserker.motorcycles,available,1.8,19.98,medium,low,9,namecheap,,,09/08/2026 15:17
d7193acb-a732-4e99-8044-8627e23385cf,thickener.motorcycles,available,1.8,21.98,medium,low,9,namecheap,,,11/09/2026 13:14
5ee86fa8-f753-4a0f-86ff-8da6fb356fd9,perugia.motorcycles,available,1.8,21.98,medium,low,7,namecheap,,,29/09/2026 21:46
e4294a60-eea8-496d-b338-fbcaef6d5fd0,chewing.motorcycles,available,1.99,17.29,high,low,7,namesilo,,,24/09/2026 14:24
a4e2d20e-7311-4e9c-8d97-d2a05f1604ca,rosy.motorcycles,available,1.8,19.98,high,low,4,namecheap,,,18/08/2026 09:27
f7929b4a-25ac-4f0e-a588-d94dfab07e48,cantabile.motorcycles,available,1.8,19.98,medium,low,9,namecheap,,,11/08/2026 17:38
a6749a01-171f-4eb1-b171-6d34979907a4,overt.motorcycles,available,1.8,21.98,high,low,5,namecheap,,,04/09/2026 21:53
4cff6e2d-4ff2-4f76-9c07-9e0bac30ab31,annaba.motorcycles,available,1.99,17.29,medium,low,6,namesilo,,,19/09/2026 10:03
894f015c-393d-447c-80af-b6a084643846,matthew.motorcycles,premium,832,832,high,low,7,namesilo,,,25/09/2026 06:38
1b044f1f-9db2-48ee-879f-7a37b2e255bb,prismatic.motorcycles,available,1.8,21.98,high,low,9,namecheap,,,09/09/2026 02:09
df5016f5-a219-4956-81ee-a48740be8e58,donnelly.motorcycles,available,1.99,14.45,medium,low,8,dynadot,,,27/09/2026 20:53
c244c93b-8537-4e79-a5c9-dad3dd8d5153,relating.motorcycles,available,1.99,,high,low,8,name.com,,,
d11f1411-e00e-42c4-982f-84c14f4c4939,aranea.motorcycles,available,1.99,17.29,medium,low,6,namesilo,,,20/09/2026 00:00
2b9aa276-2629-4a75-bbc7-16b4d1e38eb2,avocation.motorcycles,available,1.99,17.29,high,low,9,namesilo,,,21/09/2026 09:37
62ba7e9d-9e81-44f7-b6c2-2a1f43f3b34c,acinose.motorcycles,available,1.8,19.98,medium,low,7,namecheap,,,
7c9ecb82-b0ba-4cec-ad95-9dfde1fc4f5a,blatta.motorcycles,available,1.99,17.29,medium,low,6,namesilo,,,24/09/2026 04:54
13d06b06-fad2-4c1c-9d69-3dc5024057c5,abraham.motorcycles,available,1.99,17.29,high,low,7,namesilo,,,16/09/2026 16:50
12ecef96-1431-4d94-a40e-9f5edeeff30b,drove.motorcycles,available,1.99,17.29,high,low,5,namesilo,,,25/09/2026 22:29
ca83b3d4-c9b8-4375-9e9c-52ab408b68a9,best.motorcycles,premium,2600,2600,high,medium,4,namecheap,,,22/09/2026 19:49
0861c49b-3e79-4479-9316-d408d5a27f10,kano.motorcycles,available,1.99,17.29,high,low,4,namesilo,,,29/09/2026 09:07
c38d8f3a-4e24-4e71-8111-704d0ddf2c05,promethium.motorcycles,available,1.99,17.29,medium,low,10,namesilo,,,20/09/2026 23:23
57865733-3ad8-4944-a30c-33e386e7930f,cuddles.motorcycles,available,1.99,17.29,medium,low,7,namesilo,,,21/09/2026 08:38
bd2bbbfc-297b-421b-bef0-33130a0b20e4,awol.motorcycles,available,1.8,19.98,high,low,4,namecheap,,,08/08/2026 01:46
f2d28627-3b08-42e0-9271-153be550896b,humoral.motorcycles,available,1.8,19.98,medium,low,7,namecheap,,,21/08/2026 15:21
2e833b5b-1510-49f7-be67-acf0fdd7d0e3,gratuitous.motorcycles,available,1.8,19.98,medium,low,10,namecheap,,,13/08/2026 03:14
b41fa95f-55a4-4046-92b0-dff276f09a4d,express.motorcycles,premium,2660,2660,high,low,7,namesilo,,,24/09/2026 16:04
70eccf47-63fc-4829-9f6f-7a39af2fb30f,eulogistic.motorcycles,available,1.8,19.98,medium,low,10,namecheap,,,16/08/2026 23:07
afab8e51-5d95-4b36-be3b-6cfeabe98acd,fighting.motorcycles,available,1.8,21.98,high,low,8,namecheap,,,24/09/2026 18:04
5e106dbc-2334-45fd-b338-5e073dbfda13,factious.motorcycles,available,1.8,19.98,medium,low,8,namecheap,,,14/08/2026 12:34
bff59893-1cfd-4022-bba0-01e6f4258d14,thinner.motorcycles,available,1.99,17.29,high,low,7,namesilo,,,29/09/2026 06:40
af9e3e50-6962-42c2-903c-b89d47eda456,peccable.motorcycles,available,1.8,21.98,medium,low,8,namecheap,,,08/09/2026 11:30
79689ec1-fe51-4f87-8c0e-d3585ecd9b65,accepted.motorcycles,available,1.99,17.29,high,low,8,namesilo,,,21/09/2026 15:25
af7e7774-f1ef-4ce9-a1f1-1386c10d6894,foliage.motorcycles,available,1.99,17.29,high,low,7,namesilo,,,30/09/2026 01:40
00bcd9ac-4fe9-44a0-a77d-35d151917f18,oshkosh.motorcycles,premium,2070.2,2070.2,high,low,7,spaceship,,,29/09/2026 15:52
d1a383f0-3146-4235-960d-f1187f2d0046,upturned.motorcycles,available,1.8,21.98,medium,low,8,namecheap,,,04/09/2026 21:58
cdb5f9ec-4327-42ea-8d78-7d5a6caf5751,gospel.motorcycles,available,1.99,17.29,high,low,6,namesilo,,,24/09/2026 14:58
2ab4bcc8-d1a1-4512-9efd-ec9897da7793,nuthin.motorcycles,available,1.99,,medium,low,6,name.com,,,
ade02db7-82e9-4320-85f9-09bfb5a25b41,hiatus.motorcycles,available,1.99,17.29,high,low,6,namesilo,,,16/09/2026 14:09
dce54912-797b-42f2-bddc-78b711606fd7,lapse.motorcycles,available,1.99,17.29,high,low,5,namesilo,,,27/09/2026 14:20
95e6cb92-3d04-41c6-ad1e-3b88325162b0,fused.motorcycles,available,1.99,17.29,high,low,5,namesilo,,,22/09/2026 03:03
5d71e140-8d04-413a-b2e3-73996fb56e14,grownup.motorcycles,available,1.8,19.98,high,low,7,namecheap,,,
153e8b60-8115-4662-b775-c9ed78ff4645,sectional.motorcycles,available,1.8,21.98,medium,low,9,namecheap,,,10/09/2026 01:18
a6672d30-68d9-4761-ba24-6afae85f044b,fcc.motorcycles,available,1.99,17.29,high,low,3,namesilo,,,25/09/2026 05:53
8aaa91b3-6c02-4f54-86f0-69906ad93d0b,acyl.motorcycles,available,1.99,20.99,medium,low,4,name.com,,,17/09/2026 05:49
73fcb6ed-9ebd-4083-bfcf-b375e4d836b5,lobe.motorcycles,available,1.54,14.21,high,low,4,porkbun,,,29/09/2026 19:33
0fd50ddd-85ad-4fc4-aad1-acfa84ea45d1,crosses.motorcycles,available,1.99,17.29,medium,low,7,namesilo,,,28/09/2026 17:44
300b3b4b-ea59-4769-a429-1329691e97e4,quid.motorcycles,available,1.99,17.29,high,low,4,namesilo,,,24/09/2026 10:37
c4e92a87-8ca9-4ad3-98b1-6d48f72bccbd,arduous.motorcycles,available,1.8,19.98,medium,low,7,namecheap,,,06/08/2026 16:40
0fe2e99b-2b5b-436c-964d-8434e30d05d3,printed.motorcycles,available,1.8,21.98,high,low,7,namecheap,,,27/09/2026 21:56
7f9abddd-e65b-4faa-8eeb-3b35661aacd2,bishopric.motorcycles,available,1.99,17.29,medium,low,9,namesilo,,,23/09/2026 21:59
03eabf85-acdb-4ee5-a214-d49664d09938,danube.motorcycles,available,1.99,17.29,high,low,6,namesilo,,,01/10/2026 01:40
471aa9d0-8d33-4fd8-b8b1-eaf0e4d3b75d,unknown.motorcycles,available,1.8,21.98,high,low,7,namecheap,,,03/09/2026 12:55
b215e414-c792-41d0-b648-93215fd878ff,commonsense.motorcycles,available,1.99,15.75,high,low,12,namesilo,,,
9c4602ad-9658-40af-a671-a25f0c8f6d63,modestly.motorcycles,available,1.8,21.98,medium,low,8,namecheap,,,15/09/2026 15:13
b8822a3c-1824-4e15-aabb-1f55b4daaa91,carew.motorcycles,available,1.99,17.29,medium,low,5,namesilo,,,30/09/2026 00:59
e9e64f0d-45b0-439f-8415-3664321a32cf,woops.motorcycles,available,1.99,,medium,low,5,name.com,,,
977ba550-9770-44fc-afdf-f811631146a7,alprazolam.motorcycles,available,1.8,21.98,medium,low,10,namecheap,,,18/09/2026 14:08
0e3b4a9a-fb90-4bfd-bd2c-236c127df83c,hindi.motorcycles,available,1.8,19.98,high,low,5,namecheap,,,21/08/2026 09:32
61ebe6c6-74a8-4f67-939d-531478cbe2a0,tilefish.motorcycles,available,1.99,17.29,medium,low,8,namesilo,,,24/09/2026 04:04
acfad539-999e-4d40-a74a-0e00f29d1c81,freezing.motorcycles,available,1.99,17.29,high,low,8,namesilo,,,25/09/2026 06:10
a2b6175a-3035-4980-8cac-d25db8f84bf6,primordium.motorcycles,available,1.99,17.29,medium,low,10,namesilo,,,19/09/2026 09:53
0f5970c6-bee7-4036-a7ff-ec151b608b56,stingy.motorcycles,available,1.8,19.98,medium,low,6,namecheap,,,24/08/2026 18:08
841d0983-8100-4c41-99fc-bd8ae74d4c13,exciting.motorcycles,available,1.99,17.29,high,low,8,namesilo,,,24/09/2026 15:57
bd19b282-54bc-44d9-b2d9-eaac5bee868e,meaning.motorcycles,available,1.99,20.99,high,low,7,name.com,,,25/09/2026 18:26
89a17fc1-3326-4215-8db0-40afc7190f6d,airfoil.motorcycles,available,1.99,17.29,high,low,7,namesilo,,,17/09/2026 12:59
f1fcb2b5-763d-4cfe-8947-39702c2f7129,musky.motorcycles,available,1.8,21.98,high,low,5,namecheap,,,03/09/2026 11:33
8cf133a0-0156-4dcd-9e93-69fd061ac8bb,pause.motorcycles,available,1.24,13.97,high,low,5,spaceship,,,28/09/2026 06:34
04f97899-fb81-4b33-9a54-b4de1782f5a6,quotation.motorcycles,available,1.24,13.97,high,low,9,spaceship,,,01/10/2026 01:28
775bb7ab-2cd2-46e1-9dd9-cec4aa9086fa,doubly.motorcycles,available,1.8,21.98,medium,low,6,namecheap,,,14/09/2026 13:48
7b85f661-c14b-40e7-b0a1-04970a0914e3,taylor.motorcycles,premium,2070.2,2070.2,high,low,6,spaceship,,,29/09/2026 13:29
32c9e065-9a6f-4b75-9359-c7bdb6e810ff,rambling.motorcycles,available,1.8,19.98,high,low,8,namecheap,,,17/08/2026 16:41
285a8966-e800-48b0-bbcc-f38dad2e9787,scatty.motorcycles,available,1.8,19.98,medium,low,6,namecheap,,,
ba688b6a-98f0-4724-9aeb-dc0ab704bfd7,paltry.motorcycles,available,1.8,19.98,medium,low,6,namecheap,,,24/08/2026 18:25
7abe6acb-cfe9-4bc5-9332-2f152bcc53cd,vertebrae.motorcycles,available,1.24,13.97,low,low,9,spaceship,,,29/09/2026 22:57
f0bc6ed8-ca0c-40bb-9056-9bfe3ba5cf90,forgiving.motorcycles,available,1.99,17.29,high,low,9,namesilo,,,21/09/2026 14:52
a13c3d6c-ab51-4c45-8a01-9c49407da7e6,shiny.motorcycles,available,1.99,17.29,high,low,5,namesilo,,,23/09/2026 11:51
493ca4da-aa02-4ac8-8d61-69d0ef8e24cc,facetious.motorcycles,available,1.8,19.98,medium,low,9,namecheap,,,08/08/2026 14:39
bb00315e-838b-4211-9bdd-6c9edd1bd598,hammock.motorcycles,available,1.24,13.97,high,low,7,spaceship,,,01/10/2026 02:23
efce1c63-dacb-4d5f-b3ed-64aca8bbf2a2,barkeeper.motorcycles,available,1.99,17.29,medium,low,10,namesilo,,,22/09/2026 06:23
4ca211ff-9ce1-46b2-b80b-d82cc8369d95,berith.motorcycles,available,1.99,17.29,medium,low,6,namesilo,,,23/09/2026 09:26
cb150f5d-c9cd-40e4-97df-8019c8597ece,autogiro.motorcycles,available,1.99,17.29,medium,low,8,namesilo,,,21/09/2026 06:22
bcff198c-f57a-41e1-a97e-356d508db8cf,tiddler.motorcycles,available,1.8,19.98,medium,low,7,namecheap,,,25/08/2026 00:10
8127cf5e-521f-4ae0-95d1-2dd547fff717,hunters.motorcycles,available,1.99,17.29,medium,low,7,namesilo,,,28/09/2026 08:39
67bab0e7-dc8e-4170-8f44-484cadf01433,returned.motorcycles,available,1.99,,high,low,8,name.com,,,
174c345f-8f62-4014-9f6e-18db15859720,awning.motorcycles,available,1.99,17.29,high,low,6,namesilo,,,21/09/2026 10:12
2400c4cd-00a2-44da-929c-c08fba6f824a,omdurman.motorcycles,available,1.99,17.29,medium,low,8,namesilo,,,22/09/2026 15:32
2bc89c54-d12f-4f35-9cea-3fc6bf074eda,hawke.motorcycles,available,1.99,17.29,medium,low,5,namesilo,,,29/09/2026 15:41
8c935531-f4bc-41d9-8b8a-13c2e614ee86,mouths.motorcycles,available,1.99,17.29,medium,low,6,namesilo,,,18/09/2026 08:01
754ad136-e2fd-4d80-82f9-8fd4679f27f3,dolores.motorcycles,available,1.99,17.29,medium,low,7,namesilo,,,28/09/2026 21:59
9f0513c1-6bfb-4969-ae3a-be5439241e23,errol.motorcycles,available,1.24,13.97,medium,low,5,spaceship,,,30/09/2026 12:54
db827b8a-4326-4665-9ac5-c11cf413c2fe,slopes.motorcycles,available,1.24,13.97,medium,low,6,spaceship,,,30/09/2026 07:04
e07c8f44-96cf-465c-a868-ab4d9600cc50,wreath.motorcycles,available,1.54,14.21,high,low,6,porkbun,,,30/09/2026 16:41
73548e8f-2b45-4480-a2b1-473c0a23650c,callous.motorcycles,available,1.8,19.98,medium,low,7,namecheap,,,11/08/2026 14:30
12d995fe-0b65-410e-9d0e-623925e39abd,unless.motorcycles,available,1.99,20.99,medium,low,6,name.com,,,26/09/2026 03:05
ad23ee6c-20ef-44b7-bfd7-0219764ce371,flutter.motorcycles,available,1.8,19.98,high,low,7,namecheap,,,18/08/2026 07:48
741fbe07-abae-4098-93ae-d017633ecd06,trusting.motorcycles,available,1.8,21.98,high,low,8,namecheap,,,11/09/2026 20:47
35954ee6-2555-4299-8f79-043defde840a,altar.motorcycles,available,1.99,17.29,high,low,5,namesilo,,,18/09/2026 14:32
06509901-728d-4ec3-ac07-475d8c609f13,designated.motorcycles,available,1.24,13.97,medium,low,10,spaceship,,,28/09/2026 22:42
2bf41f5c-58cc-43a3-b1aa-03b024bed888,telephonic.motorcycles,available,1.8,21.98,medium,low,10,namecheap,,,11/09/2026 10:20
2e6dfaea-5915-49cf-9818-3bfcc0a30144,stupefy.motorcycles,available,1.99,17.29,medium,low,7,namesilo,,,21/09/2026 17:33
0ef8cdcf-be5c-495e-a53c-e65b91bc0441,lackluster.motorcycles,available,1.8,19.98,medium,low,10,namecheap,,,22/08/2026 18:07
312a731f-5ba9-4118-9ca3-c3b39b07a886,ore.motorcycles,available,1.24,13.97,high,low,3,spaceship,,,30/09/2026 02:25
6be00d39-562f-421f-a872-35522663defb,patch.motorcycles,premium,2660,2660,high,medium,5,namesilo,,,22/09/2026 00:53
5e8e8ace-fa43-41f7-9861-a934170150c9,pva.motorcycles,available,1.24,13.97,high,low,3,spaceship,,,30/09/2026 18:22
964a311f-fc1f-4644-a147-ec473b2b8099,assure.motorcycles,available,1.99,17.29,high,low,6,namesilo,,,30/09/2026 07:34
01169768-7496-42f5-96fc-f4402affe77d,eeg.motorcycles,available,1.24,13.97,high,low,3,spaceship,,,28/09/2026 19:03
5b9b2153-1321-48c3-814d-97f483f18f01,charmed.motorcycles,available,1.8,19.98,high,low,7,namecheap,,,09/08/2026 09:57
afe0dc64-51ab-4524-9caa-9ac84a56b175,drinkable.motorcycles,available,1.8,19.98,high,low,9,namecheap,,,14/08/2026 19:23
5a1f0a63-fd3c-43a6-a0ba-6c0fb2ca9fbd,loft.motorcycles,premium,2660,2660,high,low,4,namesilo,,,22/09/2026 11:37
215943dd-422c-476c-9bb8-54718cfa1608,monumental.motorcycles,available,1.99,17.29,high,low,10,namesilo,,,25/09/2026 17:13
580d96c8-3e53-4cb3-b4d3-f716125455df,females.motorcycles,available,1.8,21.98,medium,low,7,namecheap,,,18/09/2026 19:27
003cd4cf-c52c-46d7-90d6-c76be785faa4,hers.motorcycles,available,1.8,21.98,high,high,4,namecheap,,,26/09/2026 03:23
cd9e25ad-b374-4b00-9323-72e2124cabde,sighting.motorcycles,available,1.24,13.97,high,low,8,spaceship,,,29/09/2026 20:22
af4fd4ec-10a5-4cd7-b95d-98c18245bfb9,planetarium.motorcycles,available,1.99,,high,low,11,name.com,,,
64316e14-98ce-4523-a062-a29da6669339,semiotic.motorcycles,available,1.8,21.98,medium,low,8,namecheap,,,10/09/2026 03:13
820e848e-f2a7-4b21-a73b-8413afc11d36,objects.motorcycles,available,1.99,,medium,low,7,name.com,,,
7b29b2aa-d360-4dee-897c-2bcad7463495,trunk.motorcycles,available,1.99,17.29,high,low,5,namesilo,,,21/09/2026 07:24
7a8333df-d95c-4625-b492-05cf8ec8f525,distortion.motorcycles,available,1.8,21.98,high,low,10,namecheap,,,11/09/2026 21:55
5d503642-deb9-440c-9e52-5d8d8b46f68c,baster.motorcycles,available,1.99,17.29,medium,low,6,namesilo,,,22/09/2026 12:47
57cb1fa8-c93e-4079-89e1-c3e7c9f9eda6,cheeky.motorcycles,available,1.8,19.98,high,low,6,namecheap,,,11/08/2026 02:26
1a45152b-8bbe-4bb8-aa0c-3277b2f97547,edmunds.motorcycles,available,1.24,13.97,high,low,7,spaceship,,,28/09/2026 16:36
62e66c1c-b2dd-4494-81b4-a4c040e4776b,crossed.motorcycles,available,1.8,19.98,high,low,7,namecheap,,,13/08/2026 08:18
78fbd48f-dd51-4ec1-960d-7f6deeca85bf,vivace.motorcycles,available,1.8,21.98,high,low,6,namecheap,,,13/09/2026 06:22
97e22a58-90a1-4c05-837e-1f74d35e66d2,arch.motorcycles,premium,2660,2660,high,medium,4,namesilo,,,22/09/2026 07:38
b87988b1-aebc-49e3-9281-350f610a9f65,yeti.motorcycles,premium,2660,2660,high,high,4,namesilo,,,16/09/2026 16:30
442beb14-375d-425d-8c92-b013cf762897,coil.motorcycles,available,1.8,21.98,high,low,4,namecheap,,,10/09/2026 15:52
715c9930-217b-4417-886c-c9d1fde27427,coahuila.motorcycles,available,1.24,13.97,medium,low,8,spaceship,,,30/09/2026 09:12
2ab67b53-1968-4bdf-ade9-a3989ec9a917,wai.motorcycles,available,1.24,13.97,high,low,3,spaceship,,,29/09/2026 02:52
062db57e-c9de-4e29-9f18-71ea4a49f07e,coulson.motorcycles,available,1.24,13.97,medium,low,7,spaceship,,,30/09/2026 21:34
d679ea6e-a672-4fed-9775-a9f7459f7425,inspector.motorcycles,available,1.99,17.29,high,low,9,namesilo,,,25/09/2026 07:48
a7956cc3-06df-443b-a3c6-4c08ad355b58,stormproof.motorcycles,available,1.8,21.98,medium,low,10,namecheap,,,10/09/2026 21:24
f0b0283f-c63c-4309-82f8-e816c8173105,impede.motorcycles,available,1.8,19.98,medium,low,6,namecheap,,,21/08/2026 09:28
aadd5cb0-2b7d-4f7e-8145-464e63376a1f,prone.motorcycles,available,1.99,17.29,medium,low,5,namesilo,,,27/09/2026 07:37
7922d8bb-1d07-4472-8c1f-887304452371,prow.motorcycles,available,1.8,19.98,medium,low,4,namecheap,,,18/08/2026 11:28
ca641f2d-ba1d-4dfc-b7a7-60403ed9c55b,estimate.motorcycles,available,1.99,17.29,high,low,8,namesilo,,,28/09/2026 21:56
cdc7ddf6-ea02-4d79-aa88-b1ffe41bb969,organiser.motorcycles,available,1.99,17.29,high,low,9,namesilo,,,20/09/2026 08:46
26339eac-5863-4f5e-b507-63d04e941d79,curiosity.motorcycles,available,1.99,17.29,high,low,9,namesilo,,,29/09/2026 13:03
04ff9e32-b4cb-4acc-bf8e-787ed4a9b037,xliv.motorcycles,available,1.8,19.98,medium,low,4,namecheap,,,
13a77f91-28a6-4f5e-8823-56ebb11f2936,calando.motorcycles,available,1.8,19.98,medium,low,7,namecheap,,,11/08/2026 13:34
4f2ed827-69c0-4fde-a0d5-43df1d50e41f,striate.motorcycles,available,1.8,21.98,medium,low,7,namecheap,,,10/09/2026 22:36
61514587-8d26-4b08-bcf1-e15bd099e193,ellery.motorcycles,available,1.99,17.29,medium,low,6,namesilo,,,30/09/2026 13:23
b4f99fcd-77aa-4f37-b902-ce00171832d2,advisee.motorcycles,available,1.8,21.98,medium,low,7,namecheap,,,17/09/2026 11:34
4f965104-cd25-4839-a7ac-113b8279b897,radiology.motorcycles,available,1.24,13.97,high,low,9,spaceship,,,30/09/2026 10:55
65d724af-d1cc-4428-a294-495de96d9c5c,sweptwing.motorcycles,available,1.8,21.98,medium,low,9,namecheap,,,11/09/2026 05:46
8289eb9d-9d68-446b-b82e-5a890c8c836d,aril.motorcycles,available,1.8,21.98,medium,low,4,namecheap,,,20/09/2026 05:30
63aa4bee-8b28-40c1-977f-dfc5e6c603c5,sheldon.motorcycles,available,1.99,17.29,high,low,7,namesilo,,,25/09/2026 15:25
35ad7ff9-d0f4-474d-add1-13a383748f7f,cranes.motorcycles,available,1.24,13.97,medium,low,6,spaceship,,,01/10/2026 00:39
1403b929-cc35-40bd-b115-a5057393dd22,dubstep.motorcycles,available,1.99,15.75,high,low,7,namesilo,,,
b400f9ec-7923-4441-bd99-1c03776b6e28,improbable.motorcycles,available,1.8,19.98,medium,low,10,namecheap,,,21/08/2026 23:07
cee834ae-5dff-4899-b4d0-305b225d407b,slab.motorcycles,available,1.24,13.97,high,low,4,spaceship,,,28/09/2026 20:30
472981ca-03cc-4556-a5cc-f1bbc9f5348f,alternatives.motorcycles,available,1.8,21.98,medium,low,12,namecheap,,,19/09/2026 21:34
79b749c5-2169-4b3c-aaff-417cafabdbb2,confrontation.motorcycles,available,1.99,17.29,low,low,13,namesilo,,,28/09/2026 17:10
7591c82d-c92c-4a74-bd16-adf790edf6d7,touches.motorcycles,available,1.24,13.97,medium,low,7,spaceship,,,28/09/2026 04:39
9835eaac-543c-4e02-ab10-35e0971e8ec0,bills.motorcycles,premium,2600,2600,high,low,5,namecheap,,,18/09/2026 06:49
a9b192db-22b6-426c-9463-7be3b856f5be,melissa.motorcycles,premium,832,832,high,low,7,namesilo,,,27/09/2026 04:11
c20607ec-a123-4f70-a184-cc8bd64a131c,bulla.motorcycles,available,1.99,17.29,medium,low,5,namesilo,,,24/09/2026 05:20
b282cbc7-db71-427a-9682-9f70440fb372,rollercoaster.motorcycles,available,1.99,,medium,low,14,name.com,,,
9133fb19-f0d3-4064-9d7d-c7b12b9f53df,idle.motorcycles,available,1.8,19.98,high,low,4,namecheap,,,08/08/2026 21:52
7294f211-2d32-41a2-9817-f9be7f737a4c,towels.motorcycles,available,1.8,21.98,high,low,6,namecheap,,,18/09/2026 12:23
7e8456b7-82f5-4431-99c2-1ca1c0eae824,cramp.motorcycles,available,1.24,13.97,medium,low,5,spaceship,,,30/09/2026 16:50
9a5e74cd-6727-4785-9a94-d222cd03eccd,allargando.motorcycles,available,1.8,19.98,medium,low,10,namecheap,,,
e5940997-351f-477f-80de-cf5c2912a1a3,reading.motorcycles,available,1.99,14.45,high,low,7,dynadot,,,30/09/2026 00:17
8694161f-ea96-4032-812e-38a0fe7f2eb1,sloane.motorcycles,available,1.99,17.29,high,low,6,namesilo,,,28/09/2026 16:12
ad774372-9f26-45dd-8ee6-f337b15790cb,spheroidal.motorcycles,available,1.8,19.98,medium,low,10,namecheap,,,16/08/2026 05:22
f319d493-7513-4799-8dcb-f7eb6c63ae0f,disdain.motorcycles,available,1.99,17.29,medium,low,7,namesilo,,,24/09/2026 17:41
5f276b8a-a1a6-4e83-8008-d1d4125ed53b,forgetting.motorcycles,available,1.99,15.75,high,low,10,namesilo,,,
2df56357-a80a-4394-afd2-c1e91895b025,regression.motorcycles,available,1.99,17.29,high,low,10,namesilo,,,20/09/2026 09:08
9ae3049f-9a53-4362-8179-47101c48c98a,whalebone.motorcycles,available,1.8,21.98,medium,low,9,namecheap,,,21/09/2026 21:50
61925a23-4ea9-46d5-96ca-ebc5773d77cd,watched.motorcycles,available,1.8,21.98,high,low,7,namecheap,,,18/09/2026 01:33
26826beb-f5cd-4cb0-a641-f72a07a90dc5,tottenham.motorcycles,available,1.8,21.98,medium,low,9,namecheap,,,29/09/2026 22:19
368048b1-bc57-4c08-b581-c61967aa3520,ferries.motorcycles,available,1.99,17.29,medium,low,7,namesilo,,,20/09/2026 07:40
0bc697b8-2b53-4566-aaeb-ff384705a41c,karel.motorcycles,available,1.24,13.97,high,low,5,spaceship,,,29/09/2026 09:01
87e38b5c-3289-4bc9-b85e-a10032b0048f,extremity.motorcycles,available,1.8,21.98,medium,low,9,namecheap,,,19/09/2026 20:32
fb38d54f-0cbd-4a6d-9295-5a105528700f,studied.motorcycles,available,1.8,21.98,high,low,7,namecheap,,,10/09/2026 22:59
3738c0cf-9f42-4170-a4f6-9648689c7140,judea.motorcycles,available,1.24,13.97,medium,low,5,spaceship,,,29/09/2026 07:23
d073856b-7bb8-48c4-ae04-dbaee899b0f6,clxx.motorcycles,available,1.8,19.98,medium,low,4,namecheap,,,
24e50558-1241-4eb2-b5d1-57b90cb3e3cd,eastbound.motorcycles,available,1.8,19.98,high,low,9,namecheap,,,14/08/2026 22:50
8923d8f3-b008-4820-b76f-42724d0ee635,nucleonics.motorcycles,available,1.8,21.98,medium,low,10,namecheap,,,21/09/2026 00:14
9b6d7210-e021-44fd-a9db-8751f21fa290,alexia.motorcycles,available,1.99,17.29,medium,low,6,namesilo,,,18/09/2026 06:04
f43b7ddb-cd03-4ce1-ac54-f8ee2be62d7a,deeds.motorcycles,available,1.99,17.29,high,low,5,namesilo,,,27/09/2026 12:56
a02d32e0-f2c9-41a4-bc81-d25a35577c81,bratty.motorcycles,available,1.8,19.98,medium,low,6,namecheap,,,11/08/2026 02:37
27042745-28e5-4abc-9082-6dc6700d329b,sanctioned.motorcycles,available,1.8,19.98,high,low,10,namecheap,,,06/08/2026 09:24
1d7bfec8-b61e-472a-871e-3bb30c9ed7e2,bioassay.motorcycles,available,1.99,17.29,high,low,8,namesilo,,,23/09/2026 17:38
22f71b8e-bd14-4f7e-87db-5f62cf354029,affairs.motorcycles,premium,2660,2660,high,low,7,namesilo,,,17/09/2026 14:09
3a0c8eaf-3310-4801-8b6b-34458083693d,being.motorcycles,available,1.99,17.29,high,low,5,namesilo,,,23/09/2026 04:18
817f7201-7237-4744-9f9b-458cc9d6cf94,matisse.motorcycles,available,1.99,17.29,high,low,7,namesilo,,,29/09/2026 22:40
3910b786-1088-4c6e-8b06-cd78445c7975,vans.motorcycles,premium,2600,2600,high,low,4,namecheap,,,18/09/2026 22:44
895fad52-22b1-4d07-8f45-c32dd0e35c13,acrobatics.motorcycles,available,1.99,17.29,high,low,10,namesilo,,,17/09/2026 03:19
190e9d8e-b02a-44ff-acee-10e96fe59cad,shades.motorcycles,available,1.24,13.97,high,low,6,spaceship,,,28/09/2026 18:53
33379be0-e02f-42c6-b0d9-c8992cac3185,prohibited.motorcycles,available,1.8,19.98,medium,low,10,namecheap,,,08/08/2026 13:48
78248608-edbc-441d-85a5-04ffad77541f,uncovered.motorcycles,available,1.8,21.98,high,low,9,namecheap,,,12/09/2026 06:20
4fc6bf4e-abb6-4dda-b853-c8eb9e365fb9,premiers.motorcycles,available,1.99,14.45,medium,low,8,dynadot,,,29/09/2026 17:25
ed2c9915-7864-42e4-a7dd-ca668d9dfebf,backstitch.motorcycles,available,1.99,17.29,medium,low,10,namesilo,,,21/09/2026 16:04
9d1b7c65-ca82-4e80-a411-f89beca9e63f,egregious.motorcycles,available,1.8,19.98,medium,low,9,namecheap,,,15/08/2026 19:48
718086e9-f9cf-4844-9935-dc8a054dfe2b,harriet.motorcycles,available,1.24,13.97,high,low,7,spaceship,,,27/09/2026 22:29
60e80de2-1210-4a9d-b7fd-d1b72323622b,lady.motorcycles,available,1.24,13.97,high,low,4,spaceship,,,29/09/2026 20:47
fa73ce7b-e301-45cc-b567-8611d216e673,conviction.motorcycles,available,1.8,21.98,high,low,10,namecheap,,,24/09/2026 18:01
a22c484b-6760-4ccb-b3c6-303053887500,wastewater.motorcycles,available,1.8,19.98,medium,low,10,namecheap,,,15/08/2026 15:34
93716a5a-a0bf-492e-a470-990fa891baae,hangdog.motorcycles,available,1.8,19.98,medium,low,7,namecheap,,,20/08/2026 23:41
e3fb1d84-0975-47a9-b273-5c120e191fb7,pulmonary.motorcycles,available,1.8,21.98,high,low,9,namecheap,,,09/09/2026 05:54
09280dc8-b4ce-4b08-ace5-4e760108251d,camomile.motorcycles,available,1.99,17.29,medium,low,8,namesilo,,,19/09/2026 13:02
9303bf70-13bc-4b65-8a0d-6b9a16f2e4ff,placed.motorcycles,available,1.8,21.98,high,low,6,namecheap,,,25/09/2026 14:13
505fdf37-0790-4d2c-a825-a90b0a401f3e,simplified.motorcycles,available,1.8,21.98,high,medium,10,namecheap,,,10/09/2026 08:15
1f26bb3f-21e1-46af-bec8-08709691a3bb,constellation.motorcycles,available,1.24,13.97,high,low,13,spaceship,,,29/09/2026 20:52
9991a5dc-e01b-4310-be66-465a225d92ef,childhood.motorcycles,available,1.24,13.97,high,low,9,spaceship,,,29/09/2026 08:38
a66bd3a2-7785-4c77-98f4-9cb95719ca73,spew.motorcycles,available,1.8,21.98,high,medium,4,namecheap,,,10/09/2026 07:39
2b2a4a0e-92b4-4858-82c9-bce29dd5fda7,potent.motorcycles,available,1.8,21.98,high,low,6,namecheap,,,09/09/2026 00:48
05f862b8-4958-4f40-98f2-3200b466d021,wimp.motorcycles,available,1.8,21.98,medium,low,4,namecheap,,,24/09/2026 19:54
53a8dfd2-3b61-4efa-8785-238398b6b518,cowper.motorcycles,available,1.99,17.29,high,low,6,namesilo,,,29/09/2026 11:59
5864d2ab-2d7b-4f58-a81c-ec8a6932f356,bald.motorcycles,available,1.8,19.98,high,low,4,namecheap,,,08/08/2026 09:16
9fa2a35e-e2b8-4d08-9e51-c8552930b77a,held.motorcycles,available,1.8,19.98,high,low,4,namecheap,,,21/08/2026 06:19
c8882f5b-c996-4a6a-9437-53d5841f83b4,technique.motorcycles,available,1.24,13.97,high,low,9,spaceship,,,28/09/2026 08:09
4157f6cd-7da4-4873-a9e0-39e9cd685e43,rubberlike.motorcycles,available,1.8,21.98,high,medium,10,namecheap,,,09/09/2026 19:15
76a25f24-bf93-4c0a-ba53-3fc04964f6e6,rivalrous.motorcycles,available,1.8,21.98,medium,low,9,namecheap,,,09/09/2026 18:06
51ceb94a-fc5a-440b-b9d6-35852912e9e6,esoteric.motorcycles,available,1.8,19.98,high,low,8,namecheap,,,17/08/2026 13:17
bdf7e82c-1237-4e7d-8245-5c41fd232413,groom.motorcycles,available,1.24,13.97,high,low,5,spaceship,,,27/09/2026 12:02
eafbf97a-0ba9-4468-b263-37bfe7429e84,assignable.motorcycles,available,1.8,19.98,medium,low,10,namecheap,,,07/08/2026 06:19
dc1dfe34-e586-48aa-af0d-b48be4068255,comparing.motorcycles,available,1.99,17.29,high,low,9,namesilo,,,24/09/2026 16:45
fb401348-ea5d-435e-b931-5d9ad894c862,blanco.motorcycles,available,1.99,17.29,high,low,6,namesilo,,,01/10/2026 04:49
21df5d16-81a2-4d29-a482-5b0b37ca5c10,honey.motorcycles,premium,812.5,20.99,high,medium,5,name.com,,,09/08/2026 13:51
3770873f-bc57-41ab-99f6-374f9f6836ef,glary.motorcycles,available,1.8,19.98,medium,low,5,namecheap,,,10/08/2026 13:49
d684f692-6ff7-426c-b995-d87c55c30663,onionskin.motorcycles,available,1.8,19.98,medium,low,9,namecheap,,,18/08/2026 08:17
218fb943-6260-4c29-856e-209483297cdf,gobsmacked.motorcycles,available,1.8,19.98,medium,low,10,namecheap,,,20/08/2026 16:00
4fa275c5-481d-4e3a-875e-32417ec73215,campbell.motorcycles,premium,2660,2660,high,low,8,namesilo,,,24/09/2026 11:53
fdd05556-8030-4d18-9f3c-4e62b8036bfe,skipped.motorcycles,available,1.99,17.29,low,low,7,namesilo,,,29/09/2026 05:58
74617211-42f0-45d7-b6d9-4275586d18ba,radiate.motorcycles,available,1.8,21.98,high,low,7,namecheap,,,09/09/2026 09:40
07d3632e-e2ec-4f80-b975-710e91d66235,forehead.motorcycles,available,1.8,21.98,high,low,8,namecheap,,,29/09/2026 04:37
cd58536a-e009-4a82-bc0d-ca8abd16c40b,glycogen.motorcycles,available,1.99,17.29,medium,low,8,namesilo,,,19/09/2026 08:46
736a1117-6079-40a2-b5d3-9362ee04c7e9,aiding.motorcycles,available,1.24,13.97,high,low,6,spaceship,,,30/09/2026 12:01
3371ec87-c6a2-4872-8171-87c55b27c61f,prick.motorcycles,available,1.8,19.98,medium,low,5,namecheap,,,08/08/2026 23:38
7efa54db-a2ea-4c55-b91f-76e29b5501f2,govern.motorcycles,available,1.99,17.29,high,low,6,namesilo,,,29/09/2026 13:54
44117414-6a2b-4341-84d4-38c50fbd6808,bennie.motorcycles,available,1.99,17.29,high,low,6,namesilo,,,23/09/2026 08:32
381e13fc-ce4c-4819-b3dc-f68edce2f13f,coa.motorcycles,available,1.24,13.97,high,low,3,spaceship,,,29/09/2026 14:33
9df1fc03-3293-492d-b28b-c92c5ef1c976,barefooted.motorcycles,available,1.8,19.98,medium,low,10,namecheap,,,08/08/2026 18:59
aa3233f6-2f83-4192-ba29-de377875b676,disappointed.motorcycles,available,1.8,21.98,medium,low,12,namecheap,,,01/10/2026 03:51
43781c32-3da8-4fe6-8435-b285d82c343e,elbe.motorcycles,available,1.24,13.97,medium,low,4,spaceship,,,28/09/2026 19:03
aaf38217-26e7-478a-863d-1084ee862449,ascending.motorcycles,available,1.8,19.98,high,low,9,namecheap,,,07/08/2026 00:51
2bb42448-b054-410a-87e3-037f07dde142,hadal.motorcycles,available,1.8,19.98,medium,low,5,namecheap,,,20/08/2026 21:30
b3105384-de2d-4e0c-be73-8c5d1b507cf3,daylong.motorcycles,available,1.99,20.99,medium,low,7,name.com,,,13/08/2026 18:51
0718fa9d-88ef-4ffc-ad87-4efd2c3a71ee,sedation.motorcycles,available,1.99,17.29,medium,low,8,namesilo,,,01/10/2026 01:49
76b45560-f853-48c0-8096-de1808c549fc,hallelujah.motorcycles,available,1.24,13.97,high,low,10,spaceship,,,29/09/2026 19:07
b6b898ef-a834-4063-bc76-95841da9cd1a,overlap.motorcycles,available,1.99,17.29,high,low,7,namesilo,,,30/09/2026 02:25
dd62cd23-2de4-487c-930f-936902ea62fe,fabled.motorcycles,available,1.8,19.98,high,low,6,namecheap,,,17/08/2026 20:12
82ef7b88-e87d-4dde-8fc7-6a3333610591,eventful.motorcycles,available,1.8,19.98,high,low,8,namecheap,,,12/08/2026 22:36
5fa39015-f1fa-4ce5-9602-0dd8a76f3245,bsa.motorcycles,resell,,,high,low,3,,,,29/09/2026 02:49
ef2a25f2-ba5e-4747-aff9-92332f163076,faults.motorcycles,available,1.99,17.29,medium,low,6,namesilo,,,29/09/2026 11:04
4a591276-2a60-4b36-ba28-dcfb1b47af97,muzzy.motorcycles,available,1.8,19.98,medium,low,5,namecheap,,,10/08/2026 16:24
08646543-2cb0-4e66-bd08-54cae02e6ed5,slapped.motorcycles,available,1.99,17.29,low,low,7,namesilo,,,29/09/2026 23:39
1eb9700f-1e04-436e-b5db-43698689a9a7,outsiders.motorcycles,available,1.24,13.97,high,low,9,spaceship,,,30/09/2026 00:41
dfe35a53-e947-49ed-b83e-289fe8fe8527,peas.motorcycles,available,1.99,17.29,medium,low,4,namesilo,,,18/09/2026 10:13
4bf59b79-ede0-4b5a-9c8f-18908bab23fd,mesozoic.motorcycles,available,1.8,19.98,medium,low,8,namecheap,,,24/08/2026 21:21
531133ed-a0a3-410f-8155-e0426679db0e,buckram.motorcycles,available,1.8,19.98,medium,low,7,namecheap,,,11/08/2026 07:31
8ae30b2e-a3a6-4d2a-81ce-d9817e5f5a48,passenger.motorcycles,available,1.99,17.29,high,low,9,namesilo,,,27/09/2026 04:56
335ae415-a987-4db7-b8ef-4b7f156e448a,bargaining.motorcycles,available,1.99,17.29,high,low,10,namesilo,,,22/09/2026 05:36
3ad1b2ae-2fdf-4a5c-a7bf-27bf889c7d89,grumbling.motorcycles,available,1.8,19.98,medium,low,9,namecheap,,,20/08/2026 20:33
9c480711-5dfb-45f8-8ea9-3a6890cd967f,paranoia.motorcycles,available,1.24,13.97,high,low,8,spaceship,,,29/09/2026 19:54
744a17d7-77f2-4f32-9a2f-ad66afed17f8,postal.motorcycles,available,1.8,21.98,high,low,6,namecheap,,,09/09/2026 00:18
64831815-76b3-45cb-a2e5-92767d9f2d8b,captive.motorcycles,available,1.8,19.98,high,low,7,namecheap,,,
be5e5cb2-b796-4ab9-bc3d-2392b9e2a38b,bathrobe.motorcycles,available,1.99,17.29,high,low,8,namesilo,,,22/09/2026 13:50
47d0062c-9a35-4f1e-b102-cde78c34a099,body.motorcycles,premium,2600,2600,high,low,4,namecheap,,,24/09/2026 06:32
f7f18aa8-6fc6-4cb3-b2e3-97297b524541,balenciaga.motorcycles,premium,2660,2660,high,medium,10,namesilo,,,21/09/2026 21:55
3db69b81-e2ed-4e28-846b-8627a8a6119b,calling.motorcycles,available,1.99,17.29,high,low,7,namesilo,,,24/09/2026 11:48
dcae3db3-5917-4ba0-ae9d-0a8f07a75de2,newborn.motorcycles,available,1.8,21.98,high,low,7,namecheap,,,03/09/2026 16:41
a8992cca-a020-4c24-a0c9-c131c0b950ce,puppylike.motorcycles,available,1.8,21.98,high,medium,9,namecheap,,,09/09/2026 06:10
bbaf7e5f-512c-4423-af47-fe7179558112,hygienic.motorcycles,available,1.8,19.98,high,low,8,namecheap,,,21/08/2026 16:27
d07bfb46-6f75-4d0f-b4f5-e6b296b38c0c,asc.motorcycles,available,1.99,17.29,high,low,3,namesilo,,,29/09/2026 14:58
9d0e5e41-f9cf-480d-8577-08ae181e8b43,outreach.motorcycles,available,1.99,17.29,high,low,8,namesilo,,,30/09/2026 10:41
da8bca95-459b-4a5c-990f-2ab72c70fcbb,imitative.motorcycles,available,1.8,19.98,medium,low,9,namecheap,,,13/08/2026 03:34
233a2263-603c-4313-9372-08812b8283f4,fevered.motorcycles,available,1.8,19.98,medium,low,7,namecheap,,,18/08/2026 03:07
c9a3fbe3-40e1-4f9f-8058-301267d85c20,emergencies.motorcycles,available,1.99,17.29,medium,low,11,namesilo,,,29/09/2026 16:56
2a34d234-1834-4db5-a179-8bf39bd1795b,mystify.motorcycles,available,1.99,17.29,high,low,7,namesilo,,,21/09/2026 17:29
522bc29f-fe28-4c74-926a-01cac46b43c6,oil.motorcycles,available,1.99,17.29,high,low,3,namesilo,,,24/09/2026 02:16
c5212ee1-1c95-4f44-81c8-039f82935f43,etc.motorcycles,available,1.99,15.75,high,low,3,namesilo,,,
c5b7f7ac-5181-45e6-81e0-1f6f4d120822,diligence.motorcycles,available,1.99,17.29,high,low,9,namesilo,,,29/09/2026 14:59
69fdf835-2904-4233-ba1b-eb3a857a9996,imagery.motorcycles,available,1.54,14.21,high,low,7,porkbun,,,29/09/2026 19:16
c9f54f8f-eb8f-42f9-9f25-975eac92a1b3,adamant.motorcycles,available,1.8,19.98,high,low,7,namecheap,,,
2750d677-d648-4598-a489-2717b7435dad,visualized.motorcycles,available,1.99,17.29,high,low,10,namesilo,,,24/09/2026 14:20
7657884b-6d27-40d3-8c8c-543c06c5c49c,labeled.motorcycles,available,1.8,19.98,high,low,7,namecheap,,,22/08/2026 17:13
f569b9c1-7390-4e5e-9b3c-06320de66d10,injurious.motorcycles,available,1.8,19.98,medium,low,9,namecheap,,,14/08/2026 00:30
dd670ef6-d17b-4c51-a018-880de84a1b65,posted.motorcycles,available,1.8,21.98,high,low,6,namecheap,,,09/09/2026 00:21
2d8b22bb-71d5-461d-90cb-bd290829ff02,puncture.motorcycles,available,1.54,14.21,high,low,8,porkbun,,,29/09/2026 20:04
6e159a2b-00d0-41e3-8b19-254482a25acf,kilobyte.motorcycles,available,1.99,17.29,high,low,8,namesilo,,,30/09/2026 01:18
df193a86-2124-4757-aaed-0200d959d4c6,pcc.motorcycles,available,1.24,13.97,high,low,3,spaceship,,,29/09/2026 14:59
a484dd76-083f-4c1f-8086-cadf28e2e3d0,ungummed.motorcycles,available,1.8,21.98,medium,low,8,namecheap,,,12/09/2026 11:43
a3858c39-18f1-4416-b0e4-6e616caf1c26,anacardium.motorcycles,available,1.99,17.29,medium,low,10,namesilo,,,19/09/2026 00:59
e2bb97f8-dfbc-49fd-87d8-4f71ca84e1b1,crass.motorcycles,available,1.8,19.98,medium,low,5,namecheap,,,13/08/2026 05:23
5e6e5086-f986-49f9-a6ab-490a654afd83,slightly.motorcycles,available,1.8,21.98,medium,low,8,namecheap,,,16/09/2026 02:36
266607a0-e84e-4a83-b4bb-09f6a5ea04f3,panes.motorcycles,available,1.99,,medium,low,5,name.com,,,
d07dec83-caac-457e-97f1-0b0cb62056a9,optimal.motorcycles,available,1.8,21.98,high,low,7,namecheap,,,04/09/2026 17:01
c1ee413a-39ea-4bfe-b23c-eabd962bdffe,activate.motorcycles,premium,2200,2200,high,low,8,dynadot,,,28/09/2026 06:46
f5788599-52fe-457f-ab3a-5481b3bbaca2,door.motorcycles,available,1.99,17.29,high,low,4,namesilo,,,19/09/2026 10:21
eec94197-f67d-4a7b-966e-b0b9ac73712e,relying.motorcycles,available,1.99,17.29,medium,low,7,namesilo,,,29/09/2026 23:13
4811fcb7-4536-4f2c-acd5-329f615fce6d,balladeer.motorcycles,available,1.99,17.29,medium,low,9,namesilo,,,21/09/2026 22:45
1fa1f851-ce4a-4174-842c-86f9859e701e,dune.motorcycles,available,1.24,13.97,high,low,4,spaceship,,,30/09/2026 17:05
9fff7363-a91a-4d26-a10c-14e8f5378921,dumfries.motorcycles,available,1.24,13.97,medium,low,8,spaceship,,,30/09/2026 05:24
84a7c025-a93d-459a-9b0b-af7e1626826d,fogey.motorcycles,available,1.8,19.98,medium,low,5,namecheap,,,18/08/2026 13:10
7e4f417d-c29d-49a0-a2eb-eab9382237a7,natality.motorcycles,available,1.8,21.98,medium,low,8,namecheap,,,23/09/2026 21:04
cb7998b9-f34e-4a8e-8431-8c66b9a2032c,aortic.motorcycles,available,1.8,19.98,medium,low,6,namecheap,,,05/08/2026 21:54
e74801b1-85dd-49b7-98e5-b735b4352cd0,nebulizer.motorcycles,available,1.99,17.29,high,low,9,namesilo,,,21/09/2026 00:21
1d27649b-4829-40dc-b342-f449a3e7aaad,strapped.motorcycles,available,1.99,14.45,medium,low,8,dynadot,,,30/09/2026 00:36
7eca26de-a650-4c53-b7a5-54af27d50379,incipient.motorcycles,available,1.8,19.98,medium,low,9,namecheap,,,22/08/2026 01:14
6caab079-6805-4403-b920-266c9d04ffc4,inwardly.motorcycles,available,1.8,21.98,medium,low,8,namecheap,,,15/09/2026 09:18
525bec96-c758-4940-875b-aa7289d1dd0c,harper.motorcycles,premium,832,832,high,low,6,namesilo,,,25/09/2026 06:58
b0e7d427-dc31-4691-91ba-5fc1d931b0cb,estelle.motorcycles,available,1.99,17.29,medium,low,7,namesilo,,,29/09/2026 03:59
507e61e2-d73c-47e6-a0ca-b2bd9b2af431,sabbath.motorcycles,available,1.99,17.29,high,low,7,namesilo,,,29/09/2026 13:53
7dcd5595-6023-4dba-83a4-043a5f655552,sobbing.motorcycles,available,1.99,17.29,medium,low,7,namesilo,,,30/09/2026 02:55
eef87ea6-6d07-4438-b6f5-414c939889fc,antonius.motorcycles,available,1.99,17.29,medium,low,8,namesilo,,,19/09/2026 13:34
b228c7a8-e15c-45ac-919c-6b538283ce38,inshore.motorcycles,available,1.8,19.98,medium,low,7,namecheap,,,22/08/2026 06:53
2ff49cbe-6061-4a1e-a0fa-d2c8d2d3c4f3,martyn.motorcycles,available,1.99,17.29,medium,low,6,namesilo,,,29/09/2026 09:11
1b09a3f7-b072-4136-a2fa-e9ddd0668d8b,palacio.motorcycles,available,1.24,13.97,high,low,7,spaceship,,,30/09/2026 05:36
170e9ca8-86e5-4407-968a-ea0958c33c70,migrant.motorcycles,available,1.8,19.98,high,low,7,namecheap,,,24/08/2026 22:47
457dfd06-a940-49f8-9d7e-ae2e7d1f4daa,bastille.motorcycles,available,1.99,17.29,high,low,8,namesilo,,,22/09/2026 12:48
2382aee8-ad17-4e96-bb02-c22a37aec991,nacl.motorcycles,available,1.99,14.45,medium,low,4,dynadot,,,30/09/2026 22:52
1ddce593-2dd0-470b-9371-afba4abb989c,receivable.motorcycles,available,1.8,21.98,high,low,10,namecheap,,,09/09/2026 11:20
ff5a13e3-5156-4d70-9af3-92f66ac9803d,extensile.motorcycles,available,1.8,19.98,medium,low,9,namecheap,,,17/08/2026 19:01
2242ca83-9a68-4f4c-ae9e-e1c3a71e717d,defensive.motorcycles,available,1.8,19.98,high,low,9,namecheap,,,13/08/2026 23:15
8603f228-da08-4257-b935-b04557140e97,untaped.motorcycles,available,1.8,21.98,medium,low,7,namecheap,,,12/09/2026 10:16
45a83d97-a399-4329-ba16-0322170e174a,putney.motorcycles,available,1.54,14.21,medium,low,6,porkbun,,,30/09/2026 13:43
ce7c3df7-4019-4899-9a4c-628553b91c27,leather.motorcycles,premium,2660,2660,high,low,7,namesilo,,,30/09/2026 02:35
c58d7db0-ccd0-488b-bc48-485ceb3887db,invaded.motorcycles,available,1.24,13.97,low,low,7,spaceship,,,28/09/2026 23:00
99333ed1-0c1b-4cb0-a9d8-889497fa4aa2,invested.motorcycles,available,1.99,17.29,high,low,8,namesilo,,,28/09/2026 13:01
69a72e7f-9333-471e-a739-346071f63332,blacklist.motorcycles,available,1.8,21.98,high,low,9,namecheap,,,24/09/2026 00:17
0cc93ec8-3973-43d2-a855-473c09fe57a0,mohamed.motorcycles,available,1.24,13.97,medium,low,7,spaceship,,,28/09/2026 04:07
074db33f-596e-453e-a6b7-7401a31eb3a5,dysgenic.motorcycles,available,1.8,19.98,low,low,8,namecheap,,,11/08/2026 12:30
461f3fe8-c5c7-4cda-91ad-84ebd2d8d2c3,disregarded.motorcycles,available,1.99,15.75,medium,low,11,namesilo,,,
0034f1a8-0fc5-4242-aa33-16d8c06e0601,amicably.motorcycles,available,1.8,21.98,medium,low,8,namecheap,,,13/09/2026 19:29
2d6cae58-85a7-47c7-81c2-fd21b63bcf24,trojan.motorcycles,premium,2600,2600,high,low,6,namecheap,,,11/09/2026 20:17
1139ccff-3fd9-4acc-8b6b-4f90b77cbe9d,pugin.motorcycles,available,1.99,17.29,medium,low,5,namesilo,,,21/09/2026 04:06
debf8ca0-fcec-4de0-9579-93ac2b3ecc46,abridger.motorcycles,available,1.8,21.98,medium,low,8,namecheap,,,16/09/2026 14:35
735b64c7-6393-414f-b442-7d440889ed4b,cubbyhole.motorcycles,available,1.8,21.98,high,medium,9,namecheap,,,10/09/2026 12:52
bb605596-eaa2-434e-9253-43c9f03763b8,tues.motorcycles,available,1.99,14.45,high,low,4,dynadot,,,30/09/2026 14:03
43fbedfe-e3af-4504-bc12-d23fc68d8d24,cheering.motorcycles,available,1.8,19.98,high,low,8,namecheap,,,12/08/2026 03:45
5be5dbed-6048-4508-a59c-43bac16a453a,addicted.motorcycles,available,1.99,17.29,high,low,8,namesilo,,,21/09/2026 17:07
747f23e6-cc36-40ba-a249-4a2a0af5395d,periodical.motorcycles,available,1.8,21.98,high,low,10,namecheap,,,08/09/2026 17:13
15d80597-0c45-4946-bbb7-f7402f816163,haunt.motorcycles,available,1.99,17.29,high,low,5,namesilo,,,29/09/2026 07:08
23dc8ac9-ec8f-431e-8420-67f2e8652770,celibate.motorcycles,available,1.8,19.98,high,low,8,namecheap,,,11/08/2026 23:25
2c0182ba-fab2-402f-8df4-ceb1427830e8,snr.motorcycles,available,1.99,17.29,high,low,3,namesilo,,,30/09/2026 12:29
eba6133b-9a18-4243-ad89-653d9f4ef282,acid.motorcycles,available,1.8,19.98,high,low,4,namecheap,,,
221acf91-52f6-4d56-ae2f-1dd7687fb2f8,passively.motorcycles,available,1.8,21.98,medium,low,9,namecheap,,,15/09/2026 19:09
358538bb-c659-4863-b84a-b548739cd1de,verminous.motorcycles,available,1.8,21.98,medium,low,9,namecheap,,,13/09/2026 04:05
abb26485-c524-4a5f-b176-be0f5e671039,lankan.motorcycles,available,1.54,14.21,medium,low,6,porkbun,,,29/09/2026 09:15
8acc618f-e4fc-44ee-9af5-7d5a2a051586,devonian.motorcycles,available,1.99,17.29,medium,low,8,namesilo,,,17/09/2026 16:49
e7bf1428-139b-4f5c-bb79-f401032c663a,guarded.motorcycles,available,1.8,19.98,high,low,7,namecheap,,,20/08/2026 20:41
a8556f00-b0d3-47de-bc38-202c913d9269,assist.motorcycles,available,1.99,17.29,high,low,6,namesilo,,,17/09/2026 20:44
77e72bcf-c817-4d6b-b25f-a30b3f9101a8,acquisition.motorcycles,available,1.24,13.97,high,low,11,spaceship,,,01/10/2026 03:39
8f83f695-3da1-4b18-b92d-33ab19a66b5c,flashing.motorcycles,available,1.24,13.97,medium,low,8,spaceship,,,28/09/2026 19:14
ffb46c4b-3bb5-4813-9b9b-a630b7454bb8,clashing.motorcycles,available,1.8,19.98,medium,low,8,namecheap,,,12/08/2026 09:40
be527527-b2cc-4214-adf9-4594dd5f78a8,unflagging.motorcycles,available,1.8,19.98,high,low,10,namecheap,,,22/08/2026 02:31
8aa94e49-e716-4802-8a2c-d9b862d8ba25,budapest.motorcycles,available,1.99,17.29,high,low,8,namesilo,,,29/09/2026 11:48
37c1a461-b055-4432-860b-cbca9b28d196,marred.motorcycles,available,1.8,19.98,medium,low,6,namecheap,,,24/08/2026 16:28
d6cc502a-3a97-4a6e-8dce-758abb4934c2,tents.motorcycles,available,1.99,14.45,medium,low,5,dynadot,,,29/09/2026 16:28
ac28294d-2f54-47c6-98c8-02bd71677566,saxophone.motorcycles,available,1.24,13.97,high,low,9,spaceship,,,29/09/2026 20:17
da21c4b5-c84d-4456-aa45-688370a55646,emotional.motorcycles,available,1.8,19.98,high,low,9,namecheap,,,16/08/2026 15:56
a6372d29-4353-429b-a79a-6d1a740650c1,stories.motorcycles,premium,2660,2660,high,medium,7,namesilo,,,17/09/2026 13:42
d3eeae43-7d24-4116-92b2-acfa15db9d51,aspherical.motorcycles,available,1.8,19.98,medium,low,10,namecheap,,,07/08/2026 04:57
e79083ef-f0fd-45a4-854f-3d7971632b33,smelling.motorcycles,available,1.24,13.97,high,low,8,spaceship,,,27/09/2026 22:56
a0687dee-6271-49d6-a97a-b6e22c64718d,acned.motorcycles,available,1.8,19.98,low,low,5,namecheap,,,
6b3a2066-8007-4ce1-a71f-850fbdfcfa50,mecca.motorcycles,available,1.99,17.29,high,low,5,namesilo,,,30/09/2026 04:13
349eb074-b390-442f-b828-2b4fdf6a2b44,chihuahua.motorcycles,available,1.99,17.29,high,low,9,namesilo,,,24/09/2026 14:33
801c194b-2898-48a5-8f35-155cce1b69f6,pinched.motorcycles,available,1.8,19.98,high,low,7,namecheap,,,10/08/2026 18:58
076ded47-c1a4-42d2-a4a8-0141e931deb1,iterative.motorcycles,available,1.8,19.98,high,low,9,namecheap,,,22/08/2026 11:39
99cf5507-19a9-4fb4-8405-4c1340082d67,sadly.motorcycles,available,1.8,21.98,medium,low,5,namecheap,,,14/09/2026 11:52
040b26b1-4f17-49be-94e7-53a19711151e,gunpowder.motorcycles,available,1.8,21.98,high,low,9,namecheap,,,29/09/2026 12:59
894c6b7b-fc55-4711-8030-07b4a59db720,racist.motorcycles,available,1.8,19.98,medium,low,6,namecheap,,,
f6ddba82-9ac6-4a09-b54f-481f4ce922e3,staying.motorcycles,available,1.99,17.29,high,low,7,namesilo,,,25/09/2026 12:05
e3389bb6-43e5-4894-9985-24e1796030e4,lustful.motorcycles,available,1.8,19.98,medium,low,7,namecheap,,,12/08/2026 20:18
03284454-3883-4ad6-900c-3bb38a034686,lara.motorcycles,premium,672.95,672.95,high,low,4,spaceship,,,27/09/2026 19:35
f6c63788-4cbd-4acd-92cc-d0ce4f4a9bfd,extra.motorcycles,available,1.99,17.29,high,low,5,namesilo,,,21/09/2026 17:12
e1c2bf74-bd96-41d7-ba83-f84e9060f89e,cabbage.motorcycles,available,1.24,13.97,high,low,7,spaceship,,,29/09/2026 03:24
711256fd-759d-49a1-a173-98dfe6eae009,lubricious.motorcycles,available,1.8,19.98,medium,low,10,namecheap,,,24/08/2026 10:50
06c91fdd-fd38-42d3-98d9-fa40b94d8be6,deputy.motorcycles,available,1.24,13.97,high,low,6,spaceship,,,29/09/2026 14:04
9ddf9320-18cf-48ea-a4f7-8e3f9e7a437f,rattled.motorcycles,available,1.8,19.98,medium,low,7,namecheap,,,18/08/2026 09:33
0ec86fc6-4f98-45d6-9b45-8d55cd4aa5ea,sba.motorcycles,available,1.99,17.29,high,low,3,namesilo,,,30/09/2026 11:00
0b7a9c9c-acdf-49f9-937c-33d99c176d1b,gushy.motorcycles,available,1.8,19.98,medium,low,5,namecheap,,,20/08/2026 21:03
25a8547d-193a-48d1-a867-23a006067009,analogy.motorcycles,available,1.24,13.97,high,low,7,spaceship,,,28/09/2026 21:11
544aa4f4-d8d8-479d-a3c9-24dffd89b548,gasoline.motorcycles,available,1.8,21.98,high,low,8,namecheap,,,27/09/2026 13:38
30ed9888-641f-4f28-9e99-34e6ad59f448,margosa.motorcycles,available,1.8,21.98,medium,low,7,namecheap,,,20/09/2026 05:43
ccf86ccb-c18a-4eae-9218-2349782b2994,tenuous.motorcycles,available,1.8,21.98,medium,low,7,namecheap,,,11/09/2026 11:41
fe3ae6d8-3b41-4efb-8034-d1bcf7feb022,blaster.motorcycles,available,1.99,17.29,high,low,7,namesilo,,,24/09/2026 04:22
7dbf84c8-77b2-4c8a-9137-039c09cc76b3,bede.motorcycles,available,1.99,17.29,high,low,4,namesilo,,,21/09/2026 17:17
482921fd-ddaa-4ffa-8892-963f3c380145,aphrodisia.motorcycles,available,1.99,17.29,medium,low,10,namesilo,,,19/09/2026 17:14
14e1d187-053e-48df-a6c8-d57ddcfdbfaa,innsbruck.motorcycles,available,1.24,13.97,medium,low,9,spaceship,,,29/09/2026 07:21
ded6e3df-e8e9-4950-9f07-dccadfff9e67,collectors.motorcycles,available,1.24,13.97,high,low,10,spaceship,,,29/09/2026 17:58
efd0468a-2f5b-4f06-8c29-25ebd12c759c,maximally.motorcycles,available,1.8,21.98,medium,low,9,namecheap,,,15/09/2026 13:43
4bd30e85-6e73-4e06-add5-335b2d8ddb4e,anastrophe.motorcycles,available,1.8,21.98,medium,low,10,namecheap,,,19/09/2026 03:23
660b87b9-502e-4997-88d0-80fed65654ba,stickers.motorcycles,premium,2070.2,2070.2,high,low,8,spaceship,,,30/09/2026 07:47
7e53f821-7cc9-4d44-8f28-ec4f67272fe9,vexer.motorcycles,available,1.99,17.29,medium,low,5,namesilo,,,19/09/2026 10:52
c55b2f20-f8e7-42e8-acc2-8276942e56c2,kilometre.motorcycles,available,1.99,25.99,high,low,9,godaddy,,,30/09/2026 01:35
5a9ba485-63d3-41cb-aaa4-f466739687e0,millionth.motorcycles,available,1.8,19.98,high,low,9,namecheap,,,24/08/2026 23:25
d5b38708-5bbb-4a12-b063-e045f54da286,arpeggio.motorcycles,available,1.8,21.98,high,low,8,namecheap,,,20/09/2026 08:37
4589d710-505d-4eb7-9d96-003d50fec32e,proportions.motorcycles,available,1.99,20.99,high,low,11,name.com,,,17/09/2026 11:38
0d6514a8-5c6d-4be7-b5a9-95a6d492e5a9,unshaken.motorcycles,available,1.8,21.98,high,low,8,namecheap,,,12/09/2026 07:04
a77f3984-b21f-44c8-b751-7e378109d0ce,ambulant.motorcycles,available,1.8,19.98,medium,low,8,namecheap,,,
e8ec7f43-e5fd-40aa-96dc-0eaf37f6bef0,plodding.motorcycles,available,1.8,21.98,medium,low,8,namecheap,,,08/09/2026 21:17
08e4efa5-2718-434f-b713-5dd139a42197,penguins.motorcycles,available,1.54,14.21,high,low,8,porkbun,,,01/10/2026 00:56
4eaddcdf-c275-4e1f-a864-0a10989d32e4,canton.motorcycles,available,1.99,17.29,high,low,6,namesilo,,,23/09/2026 16:10
1d8a8979-79b2-478c-969d-2d6d53777441,sails.motorcycles,available,1.24,13.97,high,low,5,spaceship,,,28/09/2026 23:18
1e9101d4-7aec-438d-b664-4bad62c91915,editing.motorcycles,available,1.99,17.29,high,low,7,namesilo,,,28/09/2026 13:57
f3f08211-783c-46bb-bf29-69d765f185d7,blackshirt.motorcycles,available,1.8,21.98,medium,low,10,namecheap,,,24/09/2026 03:05
e5684efb-d632-44e2-b6b6-15d76c629695,bringing.motorcycles,available,1.24,13.97,high,low,8,spaceship,,,29/09/2026 04:22
7bfc76cb-2bc1-429d-a585-0ac1591caf95,peaky.motorcycles,available,1.8,21.98,medium,low,5,namecheap,,,08/09/2026 11:10
536bbb5d-2f1d-4392-919a-729f0ec6ed81,habits.motorcycles,available,1.24,13.97,medium,low,6,spaceship,,,28/09/2026 04:46
5051700b-3989-4cea-a709-72109c3daaf9,roster.motorcycles,available,1.54,14.21,high,low,6,porkbun,,,30/09/2026 02:44
2df8fda1-662e-45b1-990a-6906c70864ca,circuitous.motorcycles,available,1.8,19.98,medium,low,10,namecheap,,,12/08/2026 08:18
144df3e4-08b9-4bf3-a254-3000e807f04f,modest.motorcycles,available,1.8,21.98,high,low,6,namecheap,,,25/09/2026 06:33
aed9f264-d691-4ce6-9278-a0e0b3d86b8e,gruesome.motorcycles,available,1.8,19.98,medium,low,8,namecheap,,,18/08/2026 23:17
15a0fb6a-279d-428d-bdfa-b24b9e9c5cbd,nobelium.motorcycles,available,1.99,17.29,medium,low,8,namesilo,,,20/09/2026 21:58
1c9c76fc-2d01-4c87-b937-ac817fde41ef,hierarchic.motorcycles,available,1.8,19.98,medium,low,10,namecheap,,,21/08/2026 08:20
4a1f575f-76bf-43cb-a41b-4e1396225bc8,doc.motorcycles,available,1.99,17.29,high,medium,3,namesilo,,,24/09/2026 16:30
f24c6420-ce2f-4a4e-ba01-a7b14e77ab2e,gari.motorcycles,available,1.99,17.29,high,low,4,namesilo,,,23/09/2026 22:55
29fd6189-224d-40bc-b827-01f3b2a204fb,irma.motorcycles,available,1.24,13.97,medium,low,4,spaceship,,,28/09/2026 22:00
f1c6c05a-4d4f-4425-9f62-00f77b945697,brennan.motorcycles,premium,832,832,medium,low,7,namesilo,,,25/09/2026 21:53
7db1ac85-c8ca-410c-a0e3-586d44207e71,abides.motorcycles,available,1.99,17.29,medium,low,6,namesilo,,,18/09/2026 17:00
9d4357b0-834b-441b-9311-56d68af37136,dismiss.motorcycles,available,1.99,14.45,high,low,7,dynadot,,,29/09/2026 15:34
6f88d2a7-4354-4a3c-a3e6-143b78ceb27b,endlessly.motorcycles,available,1.8,21.98,high,low,9,namecheap,,,14/09/2026 06:09
b8ac297d-1b2c-4bd7-9ff9-9db89347df94,kenny.motorcycles,available,1.8,21.98,medium,low,5,namecheap,,,26/09/2026 03:38
d8924ec7-6889-4d5c-8296-5ead2e662475,platitude.motorcycles,available,1.8,19.98,medium,low,9,namecheap,,,12/08/2026 19:12
b8e82d54-0b98-4d8e-9b58-642faeef9031,shortcut.motorcycles,available,1.24,13.97,high,low,8,spaceship,,,29/09/2026 13:56
3ffc053c-62bd-4684-a464-2dc1eb702875,flurry.motorcycles,available,1.99,17.29,medium,low,6,namesilo,,,17/09/2026 09:17
019b64d5-5e9c-4fa3-9821-e73bca5ffef3,young.motorcycles,premium,832,832,high,low,5,namesilo,,,28/09/2026 09:49